source_id,archive,member,bytes,sha256
gemm,tpa-h100-gemm-20260803.tar.gz,experiments/results/h100-gemm-power-sweep.jsonl,17081,41321ca338458327689b1878c8221b38ceb8bab8ca835a72ff0c4c2167f5863e
gemm,tpa-h100-gemm-20260803.tar.gz,experiments/results/telemetry/gemm-pl700-seed1-20260803T211218557687Z.dcgm.txt,38844,00a6d0febfbf368418754ede3ec4911cc09e25be1dbc35d0eb23ece12bf924a0
gemm,tpa-h100-gemm-20260803.tar.gz,experiments/results/telemetry/gemm-pl350-seed1-20260803T211233850134Z.dcgm.txt,68562,4e05b7bfb0503b0eb77ee1045789e58fc4ef956a238fd10bf79e827ef0108ee3
gemm,tpa-h100-gemm-20260803.tar.gz,experiments/results/telemetry/gemm-pl700-seed0-20260803T210101795654Z.dcgm.txt,28220,d11d6003750a4493813d72837e72f1cccc3d88b27612774d9b6ce84980fc464b
gemm,tpa-h100-gemm-20260803.tar.gz,experiments/results/telemetry/gemm-pl700-seed0-20260803T210101795654Z.stdout.txt,227,e8cb262470757feec6878d24da23cbebe0dc579f9817a1ce5acdf8dc65ecd7af
gemm,tpa-h100-gemm-20260803.tar.gz,experiments/results/telemetry/gemm-pl500-seed1-20260803T211200449765Z.stdout.txt,227,b3048b7a6412c061c41dbbeed2128edfb664f4cb556a54aeb16d241f3739c4b7
gemm,tpa-h100-gemm-20260803.tar.gz,experiments/results/telemetry/gemm-pl500-seed2-20260803T211344962707Z.stderr.txt,0,e3b0c44298fc1c149afbf4c8996fb92427ae41e4649b934ca495991b7852b855
gemm,tpa-h100-gemm-20260803.tar.gz,experiments/results/telemetry/gemm-pl500-seed0-20260803T211127207741Z.dcgm.txt,45162,3855c2cf6bef0be45a3e5604dd65b6517ee56dba749291fa12ac9c28507a6a78
gemm,tpa-h100-gemm-20260803.tar.gz,experiments/results/telemetry/gemm-pl350-seed0-20260803T211059292378Z.stderr.txt,0,e3b0c44298fc1c149afbf4c8996fb92427ae41e4649b934ca495991b7852b855
gemm,tpa-h100-gemm-20260803.tar.gz,experiments/results/telemetry/gemm-pl700-seed1-20260803T211218557687Z.stderr.txt,0,e3b0c44298fc1c149afbf4c8996fb92427ae41e4649b934ca495991b7852b855
gemm,tpa-h100-gemm-20260803.tar.gz,experiments/results/telemetry/gemm-pl350-seed0-20260803T211059292378Z.dcgm.txt,72072,0d4c14557e54ddf6ea9f7ebcb17cf5c3f4b3b5f4b7503039f75e3cd5d44eca9b
gemm,tpa-h100-gemm-20260803.tar.gz,experiments/results/telemetry/gemm-pl700-seed0-20260803T211145197017Z.stdout.txt,227,72385d4ae6afee83793204dfe500c7087575110527b8d7d276c8c173de4c0cb3
gemm,tpa-h100-gemm-20260803.tar.gz,experiments/results/telemetry/gemm-pl700-seed2-20260803T211300508769Z.stdout.txt,228,ca54fe442daafd5f56a8d3bdfdb5da10006f339af48f82ed796cb683712a236b
gemm,tpa-h100-gemm-20260803.tar.gz,experiments/results/telemetry/gemm-pl500-seed1-20260803T211200449765Z.dcgm.txt,46098,afb45341f683117780d134fdf60cb01bbd0de15361c1490654358ba72084d128
gemm,tpa-h100-gemm-20260803.tar.gz,experiments/results/telemetry/gemm-pl700-seed0-20260803T205343231236Z.stdout.txt,197,6b6159c70b76380f3495c2113a53fd2967f1f29341ed88594dd8df6d0e299ff8
gemm,tpa-h100-gemm-20260803.tar.gz,experiments/results/telemetry/gemm-pl500-seed0-20260803T211127207741Z.stdout.txt,227,6618bd1a0fddeb819af2ca0aaac6cac4c63958b274ee6dccda25a1565f296b2c
gemm,tpa-h100-gemm-20260803.tar.gz,experiments/results/telemetry/gemm-pl500-seed1-20260803T211200449765Z.stderr.txt,0,e3b0c44298fc1c149afbf4c8996fb92427ae41e4649b934ca495991b7852b855
gemm,tpa-h100-gemm-20260803.tar.gz,experiments/results/telemetry/gemm-pl350-seed2-20260803T211315861715Z.dcgm.txt,74880,06a2695bf199373408a456d032a86aacbeb2d419b81c00fb3c2e99bf7c898771
gemm,tpa-h100-gemm-20260803.tar.gz,experiments/results/telemetry/gemm-pl500-seed2-20260803T211344962707Z.dcgm.txt,46098,5fe306014d2c7baddf2baad34ef0893ab308bd8ec3791bdb221256ac3b4a543e
gemm,tpa-h100-gemm-20260803.tar.gz,experiments/results/telemetry/gemm-pl700-seed0-20260803T211145197017Z.dcgm.txt,38610,80092b6168ecc99d2c910ea0f8e1e9326f533285c639b888fcbece01fa203bc3
gemm,tpa-h100-gemm-20260803.tar.gz,experiments/results/telemetry/gemm-pl350-seed1-20260803T211233850134Z.stdout.txt,227,e26c50120b5f32cc2376fcf04fb0f6316666ba4db5d287c423e318b4abe80596
gemm,tpa-h100-gemm-20260803.tar.gz,experiments/results/telemetry/gemm-pl350-seed0-20260803T211059292378Z.stdout.txt,227,3e12e5ab6b0cb7e7bc60e389b9524dbffa77699acc2244b0080f842bf6386cf3
gemm,tpa-h100-gemm-20260803.tar.gz,experiments/results/telemetry/gemm-pl700-seed0-20260803T210101795654Z.stderr.txt,0,e3b0c44298fc1c149afbf4c8996fb92427ae41e4649b934ca495991b7852b855
gemm,tpa-h100-gemm-20260803.tar.gz,experiments/results/telemetry/gemm-pl700-seed1-20260803T211218557687Z.stdout.txt,227,559a208986d28b77decd0c30e7ef9f9a6443e5c9d0d8f913295c3de12f967f17
gemm,tpa-h100-gemm-20260803.tar.gz,experiments/results/telemetry/gemm-pl700-seed2-20260803T211300508769Z.dcgm.txt,39078,8c794c4528a989d877fcdf79fc114f9007596b4d0a73b8fb883704c684deea0f
gemm,tpa-h100-gemm-20260803.tar.gz,experiments/results/telemetry/gemm-pl350-seed2-20260803T211315861715Z.stdout.txt,228,9996489aa1cc110a43c35b175105517984e1bb7dfff17c93499d70412257ef58
gemm,tpa-h100-gemm-20260803.tar.gz,experiments/results/telemetry/gemm-pl700-seed0-20260803T211145197017Z.stderr.txt,0,e3b0c44298fc1c149afbf4c8996fb92427ae41e4649b934ca495991b7852b855
gemm,tpa-h100-gemm-20260803.tar.gz,experiments/results/telemetry/gemm-pl700-seed0-20260803T205343231236Z.dcgm.txt,4420,7dd6e16978737184110db23f3692d5ae2dd0b6ede6833f2adacd5e59999b2051
gemm,tpa-h100-gemm-20260803.tar.gz,experiments/results/telemetry/gemm-pl700-seed0-20260803T205343231236Z.stderr.txt,0,e3b0c44298fc1c149afbf4c8996fb92427ae41e4649b934ca495991b7852b855
gemm,tpa-h100-gemm-20260803.tar.gz,experiments/results/telemetry/gemm-pl700-seed2-20260803T211300508769Z.stderr.txt,0,e3b0c44298fc1c149afbf4c8996fb92427ae41e4649b934ca495991b7852b855
gemm,tpa-h100-gemm-20260803.tar.gz,experiments/results/telemetry/gemm-pl500-seed2-20260803T211344962707Z.stdout.txt,228,8e1b58c64ca4a9985c95cdc790df2db019b353a74e0ab05d8c92814cffbc2685
gemm,tpa-h100-gemm-20260803.tar.gz,experiments/results/telemetry/gemm-pl500-seed0-20260803T211127207741Z.stderr.txt,0,e3b0c44298fc1c149afbf4c8996fb92427ae41e4649b934ca495991b7852b855
gemm,tpa-h100-gemm-20260803.tar.gz,experiments/results/telemetry/gemm-pl350-seed2-20260803T211315861715Z.stderr.txt,0,e3b0c44298fc1c149afbf4c8996fb92427ae41e4649b934ca495991b7852b855
gemm,tpa-h100-gemm-20260803.tar.gz,experiments/results/telemetry/gemm-pl350-seed1-20260803T211233850134Z.stderr.txt,0,e3b0c44298fc1c149afbf4c8996fb92427ae41e4649b934ca495991b7852b855
gemm,tpa-h100-gemm-20260803.tar.gz,experiments/results/environment/h100-ipp2-0052-20260803.txt,2232,e52e4e67cf1c0d286193a5994db780b5decad5df0374d2539b98bdc29e222190
holdout_v2,tpa-qwen7b-holdout-v2-final-20260804.tar.gz,configs/campaigns/qwen2.5-7b-h100-workload-transfer-holdout-v2.json,2535,e24bfd51ed692e51cba69ffcbf2fdf89c484fd80e57e128755c2e940eda5b787
holdout_v2,tpa-qwen7b-holdout-v2-final-20260804.tar.gz,experiments/results/environment/h100-ipp2-0052-20260803.txt,2232,e52e4e67cf1c0d286193a5994db780b5decad5df0374d2539b98bdc29e222190
holdout_v2,tpa-qwen7b-holdout-v2-final-20260804.tar.gz,experiments/results/qwen2.5-7b-h100-l1-v1.json,3847,47a9974af181d76aa887c4ae197740178fc9cfb872b5b759d00d6f79e9b85feb
holdout_v2,tpa-qwen7b-holdout-v2-final-20260804.tar.gz,experiments/results/qwen2.5-7b-h100-workload-v2-fit.json,28070,d387e724c37e4a359d553a1e71342ab2dd36641847a1611592e954426c596c3b
holdout_v2,tpa-qwen7b-holdout-v2-final-20260804.tar.gz,experiments/results/qwen2.5-7b-h100-workload-v2.json,8268,68c474085e5eb99717b4e1bb68a66bb937d8e142f8efaad456a480898cbdc4da
holdout_v2,tpa-qwen7b-holdout-v2-final-20260804.tar.gz,experiments/results/serving-holdout-v2-telemetry/holdout-c1024-o128-k32-seed0-20260804T173830393039Z.client.txt,5641,1b22639a739338551508ee9973d9200236cabf022566c7ed405ca9680080f9da
holdout_v2,tpa-qwen7b-holdout-v2-final-20260804.tar.gz,experiments/results/serving-holdout-v2-telemetry/holdout-c1024-o128-k32-seed0-20260804T173830393039Z.dcgm.txt,69498,cf62300b16296272a547e6d098d26124834e631e985a5d27c1e1d221731da384
holdout_v2,tpa-qwen7b-holdout-v2-final-20260804.tar.gz,experiments/results/serving-holdout-v2-telemetry/holdout-c1024-o128-k32-seed1-20260804T174049770094Z.client.txt,5641,e0f710e6276ec1bd1af75a73a75217d91cd8247721a73921060858abcef3e00f
holdout_v2,tpa-qwen7b-holdout-v2-final-20260804.tar.gz,experiments/results/serving-holdout-v2-telemetry/holdout-c1024-o128-k32-seed1-20260804T174049770094Z.dcgm.txt,69498,bc789672d0674acd886c31f9403a8856bc43b3e1a2fa927c6b430c698aed592b
holdout_v2,tpa-qwen7b-holdout-v2-final-20260804.tar.gz,experiments/results/serving-holdout-v2-telemetry/holdout-c1024-o128-k32-seed2-20260804T174246861610Z.client.txt,5641,eaf5b14766aae6ab4652929a818215e6b6cfefa5116d3dcbd363a754024413ef
holdout_v2,tpa-qwen7b-holdout-v2-final-20260804.tar.gz,experiments/results/serving-holdout-v2-telemetry/holdout-c1024-o128-k32-seed2-20260804T174246861610Z.dcgm.txt,69966,a4fd3a984a01f38a124b287ae755c642e6e1f51dce99b78e8b6c558ed6608f0e
holdout_v2,tpa-qwen7b-holdout-v2-final-20260804.tar.gz,experiments/results/serving-holdout-v2-telemetry/holdout-c1024-o128-k8-seed0-20260804T173808584791Z.client.txt,5638,505459acd30113c6d294b38dee234ff1f4ea0279f7d41968d75bbbd3a5b954e7
holdout_v2,tpa-qwen7b-holdout-v2-final-20260804.tar.gz,experiments/results/serving-holdout-v2-telemetry/holdout-c1024-o128-k8-seed0-20260804T173808584791Z.dcgm.txt,55458,2628990fa051088c1c25abb15df84eaf2544ec30b09eab2932957f7e8b324b61
holdout_v2,tpa-qwen7b-holdout-v2-final-20260804.tar.gz,experiments/results/serving-holdout-v2-telemetry/holdout-c1024-o128-k8-seed1-20260804T174027881933Z.client.txt,5638,becb98d93f82e02d79f91d8b2a528adeb4c8f214a821b9003e880aca63c3528b
holdout_v2,tpa-qwen7b-holdout-v2-final-20260804.tar.gz,experiments/results/serving-holdout-v2-telemetry/holdout-c1024-o128-k8-seed1-20260804T174027881933Z.dcgm.txt,55458,9e4460cda41b6ef8a4cf19ddc83e64112b53ef02df1cefe8dc8e23c4e7b130a9
holdout_v2,tpa-qwen7b-holdout-v2-final-20260804.tar.gz,experiments/results/serving-holdout-v2-telemetry/holdout-c1024-o128-k8-seed2-20260804T174526237674Z.client.txt,5638,d3186e009b7a99b5b8c8df64df26942a1d0458dfd2b325420c532a54e7d3f6b6
holdout_v2,tpa-qwen7b-holdout-v2-final-20260804.tar.gz,experiments/results/serving-holdout-v2-telemetry/holdout-c1024-o128-k8-seed2-20260804T174526237674Z.dcgm.txt,55458,f49f2f01514564900d0d68086992a08b0f8a58f4ff158e424925c034c9a5a876
holdout_v2,tpa-qwen7b-holdout-v2-final-20260804.tar.gz,experiments/results/serving-holdout-v2-telemetry/holdout-c2048-o128-k1-seed0-20260804T173857577226Z.client.txt,5637,3297dc53b00893b031f40f007374a7aef85905f7a4c94dff828fd740430144f8
holdout_v2,tpa-qwen7b-holdout-v2-final-20260804.tar.gz,experiments/results/serving-holdout-v2-telemetry/holdout-c2048-o128-k1-seed0-20260804T173857577226Z.dcgm.txt,53586,fe437efbb79ec2bee7f5594f221bcc590dd8a7769026237afc003963e5d30143
holdout_v2,tpa-qwen7b-holdout-v2-final-20260804.tar.gz,experiments/results/serving-holdout-v2-telemetry/holdout-c2048-o128-k1-seed1-20260804T174116825238Z.client.txt,5637,256e011150047fa20731c1dee9ef00890ff36fef0d9276d8612b9d79c50a2f6a
holdout_v2,tpa-qwen7b-holdout-v2-final-20260804.tar.gz,experiments/results/serving-holdout-v2-telemetry/holdout-c2048-o128-k1-seed1-20260804T174116825238Z.dcgm.txt,53352,6803e138ecc516a6590fe58230d7a84d9ae44cdca0b4a7443b1e096de2fc2129
holdout_v2,tpa-qwen7b-holdout-v2-final-20260804.tar.gz,experiments/results/serving-holdout-v2-telemetry/holdout-c2048-o128-k1-seed2-20260804T174314133377Z.client.txt,5637,38b3279e7c23ad335ab4a05a72c529b43337cf26904f03d24f085b921bb7f2c6
holdout_v2,tpa-qwen7b-holdout-v2-final-20260804.tar.gz,experiments/results/serving-holdout-v2-telemetry/holdout-c2048-o128-k1-seed2-20260804T174314133377Z.dcgm.txt,53352,db856a847eee64a685f2c10169a9213edd4628d164e1a8670fc8bb3fc729585d
holdout_v2,tpa-qwen7b-holdout-v2-final-20260804.tar.gz,experiments/results/serving-holdout-v2-telemetry/holdout-c2048-o128-k16-seed0-20260804T173918540625Z.client.txt,5641,d3301b76f860ce8b951805dc6d16686aa1c09c6438cfc1286a37a7c1a89c365e
holdout_v2,tpa-qwen7b-holdout-v2-final-20260804.tar.gz,experiments/results/serving-holdout-v2-telemetry/holdout-c2048-o128-k16-seed0-20260804T173918540625Z.dcgm.txt,69732,02060e656e15399a9062ab5581a6d27f5ecd2304717e29a727ebd3377560b954
holdout_v2,tpa-qwen7b-holdout-v2-final-20260804.tar.gz,experiments/results/serving-holdout-v2-telemetry/holdout-c2048-o128-k16-seed1-20260804T174137781372Z.client.txt,5641,d11313df154495fabb031661fe6154ef0ca95880e97f14dd0cada2ea70db384d
holdout_v2,tpa-qwen7b-holdout-v2-final-20260804.tar.gz,experiments/results/serving-holdout-v2-telemetry/holdout-c2048-o128-k16-seed1-20260804T174137781372Z.dcgm.txt,70200,67e9eb8538463bb3355cf5751cd0ac507a9dea3f8a42e1e6c4b336a39a56f549
holdout_v2,tpa-qwen7b-holdout-v2-final-20260804.tar.gz,experiments/results/serving-holdout-v2-telemetry/holdout-c2048-o128-k16-seed2-20260804T174335013647Z.client.txt,5641,85f168ee0e8f4ee5ca8d2a7fc60e56731cc588c03f963b497a622bd25cedb3f4
holdout_v2,tpa-qwen7b-holdout-v2-final-20260804.tar.gz,experiments/results/serving-holdout-v2-telemetry/holdout-c2048-o128-k16-seed2-20260804T174335013647Z.dcgm.txt,69966,fd751a382c089749c7e7f2fc26ad5db8c837970ab1b60bf7aa19b327abcafe4e
holdout_v2,tpa-qwen7b-holdout-v2-final-20260804.tar.gz,experiments/results/serving-holdout-v2-telemetry/holdout-c256-o128-k32-seed0-20260804T173704541800Z.client.txt,5638,0d4acab90ec4c3d7d5360ccb2acf7e4aaad542cb0f3de4f85abe7ffe4a8d1c5f
holdout_v2,tpa-qwen7b-holdout-v2-final-20260804.tar.gz,experiments/results/serving-holdout-v2-telemetry/holdout-c256-o128-k32-seed0-20260804T173704541800Z.dcgm.txt,55692,4318570c30c617e71ba879063bbca645360c760f782dfe45c22685312a81b2e5
holdout_v2,tpa-qwen7b-holdout-v2-final-20260804.tar.gz,experiments/results/serving-holdout-v2-telemetry/holdout-c256-o128-k32-seed1-20260804T174225057157Z.client.txt,5638,87a8a3d01da1ba990ec12cdf5f519711956a435d06399c879ba59e1358d984ca
holdout_v2,tpa-qwen7b-holdout-v2-final-20260804.tar.gz,experiments/results/serving-holdout-v2-telemetry/holdout-c256-o128-k32-seed1-20260804T174225057157Z.dcgm.txt,55692,75415fb7350efb4e9f285ed4ddf6cc942248a0edc065219314ab6a7f8794de73
holdout_v2,tpa-qwen7b-holdout-v2-final-20260804.tar.gz,experiments/results/serving-holdout-v2-telemetry/holdout-c256-o128-k32-seed2-20260804T174422269316Z.client.txt,5638,2e9846ecddc29ec7d71ca53d14c7500d8120e18e03c3ab46485d1f096114f0b0
holdout_v2,tpa-qwen7b-holdout-v2-final-20260804.tar.gz,experiments/results/serving-holdout-v2-telemetry/holdout-c256-o128-k32-seed2-20260804T174422269316Z.dcgm.txt,55224,d8f4d74beaafe3e9bf722d1351bf02c8667098be3c408222f4032c4f1230def9
holdout_v2,tpa-qwen7b-holdout-v2-final-20260804.tar.gz,experiments/results/serving-holdout-v2-telemetry/holdout-c256-o128-k4-seed0-20260804T173644473283Z.client.txt,5635,c57de1d1557e3e8d6c61c63d641b1a6d0550f7394bf1cf203cb87ba43c49b49e
holdout_v2,tpa-qwen7b-holdout-v2-final-20260804.tar.gz,experiments/results/serving-holdout-v2-telemetry/holdout-c256-o128-k4-seed0-20260804T173644473283Z.dcgm.txt,51012,fedefa6df4bdcc484a864be071e24b2e364f9e5a12dbbe8598f2f0f3a4de76e7
holdout_v2,tpa-qwen7b-holdout-v2-final-20260804.tar.gz,experiments/results/serving-holdout-v2-telemetry/holdout-c256-o128-k4-seed1-20260804T174205185332Z.client.txt,5635,34b40193335544262e79fd156dfb931237146db949c2506587aa506d71953e4f
holdout_v2,tpa-qwen7b-holdout-v2-final-20260804.tar.gz,experiments/results/serving-holdout-v2-telemetry/holdout-c256-o128-k4-seed1-20260804T174205185332Z.dcgm.txt,50544,93191646928c5ce6f13fcb92024e30ee1e2fe5207d7f3ac74254674e87ba1cd7
holdout_v2,tpa-qwen7b-holdout-v2-final-20260804.tar.gz,experiments/results/serving-holdout-v2-telemetry/holdout-c256-o128-k4-seed2-20260804T174402362176Z.client.txt,5635,8567db15811b50da472df30c6ece34282067d05fce87ccb718c5e6bbed40a815
holdout_v2,tpa-qwen7b-holdout-v2-final-20260804.tar.gz,experiments/results/serving-holdout-v2-telemetry/holdout-c256-o128-k4-seed2-20260804T174402362176Z.dcgm.txt,50544,b3ff15df18f6f292c36529cd89787f03b6508b1aa024c283e51071ce08559404
holdout_v2,tpa-qwen7b-holdout-v2-final-20260804.tar.gz,experiments/results/serving-holdout-v2-telemetry/holdout-c512-o128-k1-seed0-20260804T173726385348Z.client.txt,5634,44d1cc0bab3b67fda2fcc8a17e7d452ac4706387cac3f2a12ad847eaa8316db5
holdout_v2,tpa-qwen7b-holdout-v2-final-20260804.tar.gz,experiments/results/serving-holdout-v2-telemetry/holdout-c512-o128-k1-seed0-20260804T173726385348Z.dcgm.txt,51714,0b21869469158454182c3fca3a60311c4a23c94bc174d5aa8c75215543ad4aa3
holdout_v2,tpa-qwen7b-holdout-v2-final-20260804.tar.gz,experiments/results/serving-holdout-v2-telemetry/holdout-c512-o128-k1-seed1-20260804T173945670339Z.client.txt,5634,a633b68bb709e77b804d243cbfb5dbab878e74efc7b8ffe889ed86ff3d11aa91
holdout_v2,tpa-qwen7b-holdout-v2-final-20260804.tar.gz,experiments/results/serving-holdout-v2-telemetry/holdout-c512-o128-k1-seed1-20260804T173945670339Z.dcgm.txt,51948,1fbe482f20477a1a19ea5261c70611aa3b0876eea12a34d83bd6fbb98071d655
holdout_v2,tpa-qwen7b-holdout-v2-final-20260804.tar.gz,experiments/results/serving-holdout-v2-telemetry/holdout-c512-o128-k1-seed2-20260804T174443987670Z.client.txt,5634,08e58858aec9bd81d0896d399f7630065d65c5c872bbe833ad71b14564e20e5b
holdout_v2,tpa-qwen7b-holdout-v2-final-20260804.tar.gz,experiments/results/serving-holdout-v2-telemetry/holdout-c512-o128-k1-seed2-20260804T174443987670Z.dcgm.txt,51948,fe1f27765e1db54b988376000680b09268f67ff5df314e6df2baee932f5bf2ae
holdout_v2,tpa-qwen7b-holdout-v2-final-20260804.tar.gz,experiments/results/serving-holdout-v2-telemetry/holdout-c512-o128-k16-seed0-20260804T173746854808Z.client.txt,5638,ad9bf419003480a0bfa0daf8d864b8687adda8de00b114cc7c749e95fe176962
holdout_v2,tpa-qwen7b-holdout-v2-final-20260804.tar.gz,experiments/results/serving-holdout-v2-telemetry/holdout-c512-o128-k16-seed0-20260804T173746854808Z.dcgm.txt,55224,820be1f7eb74b88f473ffbc48e76bb2008ce3f941cf0b0a0592683e20b101440
holdout_v2,tpa-qwen7b-holdout-v2-final-20260804.tar.gz,experiments/results/serving-holdout-v2-telemetry/holdout-c512-o128-k16-seed1-20260804T174006098080Z.client.txt,5638,a280d6c4e79710bfb06ca291ccff8273a1005824114be772970a70df8304fab6
holdout_v2,tpa-qwen7b-holdout-v2-final-20260804.tar.gz,experiments/results/serving-holdout-v2-telemetry/holdout-c512-o128-k16-seed1-20260804T174006098080Z.dcgm.txt,55458,0c6eb2e9b18410e42164d4e0c0d64e7af944700f7a75d1f8e8645895ff41da24
holdout_v2,tpa-qwen7b-holdout-v2-final-20260804.tar.gz,experiments/results/serving-holdout-v2-telemetry/holdout-c512-o128-k16-seed2-20260804T174504477815Z.client.txt,5638,83a3634cfa8e026673452b095cdc0a4243391f74370196214e976baaf973bc8e
holdout_v2,tpa-qwen7b-holdout-v2-final-20260804.tar.gz,experiments/results/serving-holdout-v2-telemetry/holdout-c512-o128-k16-seed2-20260804T174504477815Z.dcgm.txt,55224,4fde5ecd0d497e0a374b95131376a39e692ca13b05eacb1e6624c8a2b16cc857
holdout_v2,tpa-qwen7b-holdout-v2-final-20260804.tar.gz,experiments/results/workload-transfer-holdout-v2-freeze.sha256,526,4c8f42cdbbb335488b80d4a77ea5223ec20f79ac4542e20dd2d35bbab4b6a1d9
holdout_v2,tpa-qwen7b-holdout-v2-final-20260804.tar.gz,experiments/results/workload-transfer-holdout-v2-measurements.jsonl,126262,01c1a2bca6e583bb0d5e22a326ae1d79c49ca8ae393df37380d730504c85f973
holdout_v2,tpa-qwen7b-holdout-v2-final-20260804.tar.gz,experiments/results/workload-transfer-holdout-v2-predictions.jsonl,51263,e0f5e632e190a458d447027577e92595821fdd8eaeb234d92deddb7aaec23c41
holdout_v2,tpa-qwen7b-holdout-v2-final-20260804.tar.gz,experiments/results/workload-transfer-holdout-v2-predictions.summary.json,1070,540db80acf478222aac1a95ca9b77986e5a575e61bf7495094193a73912ff8cc
holdout_v2,tpa-qwen7b-holdout-v2-final-20260804.tar.gz,experiments/results/workload-transfer-holdout-v2-preregistration-provenance.txt,400,bc6753d23748a2e54fd31b254d8886b85f2950008d633931ef56c8efc2252f0a
holdout_v2,tpa-qwen7b-holdout-v2-final-20260804.tar.gz,experiments/results/workload-transfer-holdout-v2-preregistration.list,644,f6b754356e6f1d70b62db6b0f461924906cd11da515b2ad37fb3dfd9eddfb836
holdout_v2,tpa-qwen7b-holdout-v2-final-20260804.tar.gz,experiments/results/workload-transfer-holdout-v2-preregistration.sha256,1440,8ac542a9c02624d27ac4fefa43a1f4a294e47d1891977a4964f42805dcfa0e5c
holdout_v2,tpa-qwen7b-holdout-v2-final-20260804.tar.gz,experiments/results/workload-transfer-holdout-v2-run.log,135759,da7c64a0e6fea0600cde8fce66bd9daee3a0030c4d8aaed42c6985f8ef0866c7
holdout_v2,tpa-qwen7b-holdout-v2-final-20260804.tar.gz,experiments/results/workload-transfer-validation-v1-report.json,37435,3e2c99a89831b60bd88bce1e22597806691c2e0ac6f59ff68ee3bc59f943d558
holdout_v2,tpa-qwen7b-holdout-v2-final-20260804.tar.gz,experiments/results/workload-transfer-holdout-v2-artifacts.list,6180,57ffca5501c216b28d712316fd75c2fcb0709f6ecf7d3a411ae6cf01d93207c7
holdout_v2,tpa-qwen7b-holdout-v2-final-20260804.tar.gz,experiments/results/workload-transfer-holdout-v2-artifacts.sha256,10272,6e387504865f040bf9253a7570aec8e6777115e2ef27ee136f1107e168c1ea38
holdout_v2,tpa-qwen7b-holdout-v2-final-20260804.tar.gz,experiments/results/workload-transfer-holdout-v2-report.json,47625,45284cf91562fc9e1767ed1f283a3bfeac16319f0202ace4a49dcf1bb6d43ffb
holdout_v2,tpa-qwen7b-holdout-v2-final-20260804.tar.gz,experiments/results/workload-transfer-holdout-v2-analysis-provenance.txt,490,b905b82e0fbfa9ac02cbfa8eb1d78bf159bdec95470556c9f0c9c30f4e2f0773
holdout_v2,tpa-qwen7b-holdout-v2-final-20260804.tar.gz,experiments/results/workload-transfer-holdout-v2-analysis.sha256,528,149aabf18128fee164f276296c52ca67f8c459c809e48d62251c7a5ff2c4f5c2
planner,tpa-qwen7b-planner-guard-v1-v2-20260805.tar.gz,configs/benchmarks/qwen2.5-7b-planner-conformance-v1.json,9582,35c176158c07e3d6a24a434a1f006aea5dac127a57ab85f2f8f972ca3a367f76
planner,tpa-qwen7b-planner-guard-v1-v2-20260805.tar.gz,experiments/results/planner-conformance-v1.json,215245,4464c7cad782c59e685391638ae7c56f2707da2001fbde8bbb066dcdd30096b0
planner,tpa-qwen7b-planner-guard-v1-v2-20260805.tar.gz,experiments/results/planner-conformance-v1-diagnostics.json,4791,393c57b20a5f1f69ded353c14ac6394ad7d64ed5328c7718fa9497e76ec0001b
planner,tpa-qwen7b-planner-guard-v1-v2-20260805.tar.gz,experiments/results/planner-conformance-v1.log,1694,585bffa442a8aecf29691ce8ddf72a02197f9a72337771749507f49c2fca80d8
planner,tpa-qwen7b-planner-guard-v1-v2-20260805.tar.gz,experiments/results/environment/h100-planner-conformance-v1-20260805.txt,2268,e7b6a01b7f11077deae45dc7e1eac40b34b39905fc921c7177dcdf0388bb7b30
planner,tpa-qwen7b-planner-guard-v1-v2-20260805.tar.gz,configs/benchmarks/qwen2.5-7b-planner-conformance-v2-holdout.json,11264,49bee50977bc112dacf223da7ca2692cc82d3fa942d199bdbc0f2cc894a6274f
planner,tpa-qwen7b-planner-guard-v1-v2-20260805.tar.gz,experiments/results/planner-conformance-v2-holdout.json,225809,4a59ec3d5dfcfbeb2e2c2be03eb3b9a4930973c285e9692b63985e730e39791a
planner,tpa-qwen7b-planner-guard-v1-v2-20260805.tar.gz,experiments/results/planner-conformance-v2-holdout-diagnostics.json,6576,8829d9bd9b3ca4285e38f10534e3a77fb5f362fb79f0b7421cc1888ffac5033c
planner,tpa-qwen7b-planner-guard-v1-v2-20260805.tar.gz,experiments/results/planner-conformance-v2-holdout.log,1806,c29708efe8972f61064aeb2beaa1231b912bd7a59339a30e3cd86a7432fcc31b
planner,tpa-qwen7b-planner-guard-v1-v2-20260805.tar.gz,experiments/results/environment/h100-planner-conformance-v2-20260805.txt,946,1a9546453e92fc701280647585a2712fcdbdc5f376622f7835809e7b2cd50993
planner,tpa-qwen7b-planner-guard-v1-v2-20260805.tar.gz,experiments/results/planner-guard-v1-v2-artifacts.list,604,faa9e8d481ba551189613d94a9f7eb57b3f4f684e95e2958df9491489470c884
planner,tpa-qwen7b-planner-guard-v1-v2-20260805.tar.gz,experiments/results/planner-guard-v1-v2-provenance.txt,501,456ee09c15c2f05d49f51b1a41631fe8e06d45b159e0d36ecd31944feb633404
planner,tpa-qwen7b-planner-guard-v1-v2-20260805.tar.gz,experiments/results/planner-guard-v1-v2.sha256,1385,88ce5cda54c66170d092c55614a5eb33607f6725cb84e92ac8351b9207966243
policy_bootstrap_v2,tpa-qwen7b-policy-bootstrap-v2-20260805.tar.gz,experiments/results/config-search-v1-policy-bootstrap-v2-provenance.txt,651,8aa3acf426bf7fd3220badfb60b0abb032328d68ab6c7b5d827a4601fc1ba53d
policy_bootstrap_v2,tpa-qwen7b-policy-bootstrap-v2-20260805.tar.gz,experiments/results/config-search-v1-policy-bootstrap-v2-artifacts.sha256,777,6f723544a409d9b38071f7d60776fd4c99590934731156ed75c1090f4fb64321
policy_bootstrap_v2,tpa-qwen7b-policy-bootstrap-v2-20260805.tar.gz,experiments/results/config-search-v1-policy-benchmark-aliased-audit-only.json,1504633,f328dc50b5ccaf4f12ce3b5c29bc20431c2a4b86526741e7137d562979ebe3c2
policy_bootstrap_v2,tpa-qwen7b-policy-bootstrap-v2-20260805.tar.gz,experiments/results/config-search-v1-policy-bootstrap-v2.log,1985,49b7499aefde2d1527cb5846a82adf39a0c12eabd1a09229edd35a05853f7a26
policy_bootstrap_v2,tpa-qwen7b-policy-bootstrap-v2-20260805.tar.gz,experiments/results/config-search-v1-replay-corpus.jsonl,527951,2811f77938f349b95ec679804dcb0d262377fd0d7277d3740a73dd1815c8a471
policy_bootstrap_v2,tpa-qwen7b-policy-bootstrap-v2-20260805.tar.gz,experiments/results/config-search-v1-scenario.json,25740,fbcbd2e395d09af04a77172ad4b89d766d5c6b213fdd3f8cdf1d40d15d67a37b
policy_bootstrap_v2,tpa-qwen7b-policy-bootstrap-v2-20260805.tar.gz,experiments/results/config-search-v1-policy-bootstrap-v2.json,1487932,ba00f00b3710574e61b5f7beaaad9a530ee90637ec5f9b92110ce0fb42edf838
policy_v1,tpa-qwen7b-policy-benchmark-v1-20260805.tar.gz,experiments/results/config-search-v1-scenario.json,25740,fbcbd2e395d09af04a77172ad4b89d766d5c6b213fdd3f8cdf1d40d15d67a37b
policy_v1,tpa-qwen7b-policy-benchmark-v1-20260805.tar.gz,experiments/results/config-search-v1-replay-corpus.jsonl,527951,2811f77938f349b95ec679804dcb0d262377fd0d7277d3740a73dd1815c8a471
policy_v1,tpa-qwen7b-policy-benchmark-v1-20260805.tar.gz,experiments/results/config-search-v1-policy-benchmark.json,1504633,f328dc50b5ccaf4f12ce3b5c29bc20431c2a4b86526741e7137d562979ebe3c2
policy_v1,tpa-qwen7b-policy-benchmark-v1-20260805.tar.gz,experiments/results/config-search-v1-policy-benchmark.log,1942,9418eaa11699e9dab933ada6d1743c0090254811beb380054865f92fb7af305b
policy_v1,tpa-qwen7b-policy-benchmark-v1-20260805.tar.gz,experiments/results/config-search-v1-policy-provenance.txt,397,b333ad709e177c76f44c325fc1f01450ef87eb885e8e6a69bcb509d25e7c4618
policy_v1,tpa-qwen7b-policy-benchmark-v1-20260805.tar.gz,experiments/results/config-search-v1-policy-artifacts.sha256,614,b3959c6ad331f88c49c67b72f7140dd288d281494ce51e1b94b7c9c9d58b8721
scope_v3,tpa-qwen7b-scope-v3-final-20260804.tar.gz,configs/campaigns/qwen2.5-7b-h100-scope-confirmation-v3.json,3742,ad0e80d60ba03c879c2b8481ea1ffc0a8e73856e7a48cf884d504a4837d11f98
scope_v3,tpa-qwen7b-scope-v3-final-20260804.tar.gz,experiments/results/qwen2.5-7b-h100-workload-v2.json,8268,68c474085e5eb99717b4e1bb68a66bb937d8e142f8efaad456a480898cbdc4da
scope_v3,tpa-qwen7b-scope-v3-final-20260804.tar.gz,experiments/results/qwen2.5-7b-h100-workload-v2-fit.json,28070,d387e724c37e4a359d553a1e71342ab2dd36641847a1611592e954426c596c3b
scope_v3,tpa-qwen7b-scope-v3-final-20260804.tar.gz,experiments/results/scope-confirmation-v3-predictions.jsonl,58101,a3559cdd66a9e352a125d78630fa7f8cb94c45eaf43fbf0866d8666f6094dc7f
scope_v3,tpa-qwen7b-scope-v3-final-20260804.tar.gz,experiments/results/scope-confirmation-v3-predictions.summary.json,1120,1b0e5d972aea63ae9254e8e5ca26c42ae1c082c17abb8184c506660b2a803bc7
scope_v3,tpa-qwen7b-scope-v3-final-20260804.tar.gz,experiments/results/scope-confirmation-v3-freeze.sha256,505,1d21dcf34f943ac9ec9ea74950ae213b58dc36b67ac5ed7d9a276a1e4750a00c
scope_v3,tpa-qwen7b-scope-v3-final-20260804.tar.gz,experiments/results/scope-confirmation-v3-measurements.jsonl,141612,877a39aa47e27e040a49f9480a19181897af8a0db5ff65449d1f1a549bd344a0
scope_v3,tpa-qwen7b-scope-v3-final-20260804.tar.gz,experiments/results/scope-confirmation-v3-telemetry/confirm-c384-o128-k1-seed0-20260804T195043681667Z.dcgm.txt,52182,47385f5669c4edd3435a3faf864f66ba6d3382eeeec90a161fab31f8c27f807e
scope_v3,tpa-qwen7b-scope-v3-final-20260804.tar.gz,experiments/results/scope-confirmation-v3-telemetry/confirm-c384-o128-k1-seed0-20260804T195043681667Z.client.txt,5634,08be943eaca5c0f214f3e8e28e293a7de23d845def533a012654749ae52e5256
scope_v3,tpa-qwen7b-scope-v3-final-20260804.tar.gz,experiments/results/scope-confirmation-v3-telemetry/confirm-c384-o128-k2-seed0-20260804T195104273385Z.dcgm.txt,50310,877b86fb490fd16150e48788f68e181b2a60741b4cc8af0be008300f30001fb0
scope_v3,tpa-qwen7b-scope-v3-final-20260804.tar.gz,experiments/results/scope-confirmation-v3-telemetry/confirm-c384-o128-k2-seed0-20260804T195104273385Z.client.txt,5635,ab45b765663dc5eccd76daf4bc68458ae9eaa9d6f0d7bae9fcd3b0cc67b822e1
scope_v3,tpa-qwen7b-scope-v3-final-20260804.tar.gz,experiments/results/scope-confirmation-v3-telemetry/confirm-c384-o128-k4-seed0-20260804T195124108116Z.dcgm.txt,51246,63dc47beb4b74a024798f9bb2bc8b3f2fa7e60e99dd25d8740b53ca2502d6f82
scope_v3,tpa-qwen7b-scope-v3-final-20260804.tar.gz,experiments/results/scope-confirmation-v3-telemetry/confirm-c384-o128-k4-seed0-20260804T195124108116Z.client.txt,5635,ca3fae6b679ed02b0c40830cfc2620995b5ad1bde8b8613e1690be0aed520280
scope_v3,tpa-qwen7b-scope-v3-final-20260804.tar.gz,experiments/results/scope-confirmation-v3-telemetry/confirm-c768-o128-k1-seed0-20260804T195144238239Z.dcgm.txt,52182,62376b4efc933d6975ff6f1a21f85316ecf2147f24f6c078dcc9176fb3e30b52
scope_v3,tpa-qwen7b-scope-v3-final-20260804.tar.gz,experiments/results/scope-confirmation-v3-telemetry/confirm-c768-o128-k1-seed0-20260804T195144238239Z.client.txt,5634,27641aaacb8c54b8c4759bf8bf2e9c92a660188aacede8106fb08e417e7e5885
scope_v3,tpa-qwen7b-scope-v3-final-20260804.tar.gz,experiments/results/scope-confirmation-v3-telemetry/confirm-c768-o128-k2-seed0-20260804T195204738693Z.dcgm.txt,50778,e11d6c76b5edb09e56e48154cf0a68355b109fee84177b3b9d167b530677435b
scope_v3,tpa-qwen7b-scope-v3-final-20260804.tar.gz,experiments/results/scope-confirmation-v3-telemetry/confirm-c768-o128-k2-seed0-20260804T195204738693Z.client.txt,5635,4ad9b6ad03082171042c08eee80241e8339d192240af041735d2cce7364a7561
scope_v3,tpa-qwen7b-scope-v3-final-20260804.tar.gz,experiments/results/scope-confirmation-v3-telemetry/confirm-c768-o128-k4-seed0-20260804T195224685457Z.dcgm.txt,52182,b5057392d5336a9fb9a3509547697436227ce6489a6b818a006126f8e88dc9c1
scope_v3,tpa-qwen7b-scope-v3-final-20260804.tar.gz,experiments/results/scope-confirmation-v3-telemetry/confirm-c768-o128-k4-seed0-20260804T195224685457Z.client.txt,5635,3da46cfaa8c43268c6a60076bf9d9828ebb0c6639c090db27e8395c01dc761af
scope_v3,tpa-qwen7b-scope-v3-final-20260804.tar.gz,experiments/results/scope-confirmation-v3-telemetry/confirm-c1536-o128-k1-seed0-20260804T195245233236Z.dcgm.txt,53352,04184045ba44d3cf8999f1cdbd2f246b799979ab649803148926eaed994697e9
scope_v3,tpa-qwen7b-scope-v3-final-20260804.tar.gz,experiments/results/scope-confirmation-v3-telemetry/confirm-c1536-o128-k1-seed0-20260804T195245233236Z.client.txt,5637,b77a9596f0d4f517f03293c769e304291db0bb30f76e05fbda7f7c713ee7d123
scope_v3,tpa-qwen7b-scope-v3-final-20260804.tar.gz,experiments/results/scope-confirmation-v3-telemetry/confirm-c1536-o128-k2-seed0-20260804T195306109064Z.dcgm.txt,51714,b92372905336c0fda5806ac0260dbc803ccc715541660e58619718d7438f82c9
scope_v3,tpa-qwen7b-scope-v3-final-20260804.tar.gz,experiments/results/scope-confirmation-v3-telemetry/confirm-c1536-o128-k2-seed0-20260804T195306109064Z.client.txt,5638,27989d8185cbc518bd82a27c63546018870a721be2d25aa8355c23f8bca232b0
scope_v3,tpa-qwen7b-scope-v3-final-20260804.tar.gz,experiments/results/scope-confirmation-v3-telemetry/confirm-c1536-o128-k4-seed0-20260804T195326417090Z.dcgm.txt,53820,4385c093e8ccee7c12645821ca64ecf0dee5ad2fb2cb8198796d64ad8cd50ae3
scope_v3,tpa-qwen7b-scope-v3-final-20260804.tar.gz,experiments/results/scope-confirmation-v3-telemetry/confirm-c1536-o128-k4-seed0-20260804T195326417090Z.client.txt,5638,aab09166f44808040a0137b742a478ff04f4da939a84f6e032ffcadebe7ebe0c
scope_v3,tpa-qwen7b-scope-v3-final-20260804.tar.gz,experiments/results/scope-confirmation-v3-telemetry/confirm-c768-o128-k1-seed1-20260804T195347561744Z.dcgm.txt,52182,53f04255897b715235f4379e87d1c70f29e10161c2bd6d386e3dea3bd451180b
scope_v3,tpa-qwen7b-scope-v3-final-20260804.tar.gz,experiments/results/scope-confirmation-v3-telemetry/confirm-c768-o128-k1-seed1-20260804T195347561744Z.client.txt,5634,83b3d2b307261b7368e1546314e696a60f3c8ad1c418c02bb858742b1f039963
scope_v3,tpa-qwen7b-scope-v3-final-20260804.tar.gz,experiments/results/scope-confirmation-v3-telemetry/confirm-c768-o128-k2-seed1-20260804T195408204439Z.dcgm.txt,50778,d07051c23b89ed557938c72fe9ba3926499382f9ae533e4b772e7a41c553483a
scope_v3,tpa-qwen7b-scope-v3-final-20260804.tar.gz,experiments/results/scope-confirmation-v3-telemetry/confirm-c768-o128-k2-seed1-20260804T195408204439Z.client.txt,5635,3617588a40c18f82e8d5d1156364cae644bf29ed8ebd3bc70d8a51dc2756269e
scope_v3,tpa-qwen7b-scope-v3-final-20260804.tar.gz,experiments/results/scope-confirmation-v3-telemetry/confirm-c768-o128-k4-seed1-20260804T195428241564Z.dcgm.txt,51714,700bcfcc07f05d868decfeb0446c43752550510d7f8fc904c0fbc153f8925636
scope_v3,tpa-qwen7b-scope-v3-final-20260804.tar.gz,experiments/results/scope-confirmation-v3-telemetry/confirm-c768-o128-k4-seed1-20260804T195428241564Z.client.txt,5635,2e54fe8ed86efc3d0cd13407e5fc28ab0a9ce94bbc95c49b664b70b76b4f5ac2
scope_v3,tpa-qwen7b-scope-v3-final-20260804.tar.gz,experiments/results/scope-confirmation-v3-telemetry/confirm-c1536-o128-k1-seed1-20260804T195448608982Z.dcgm.txt,52650,8ac364caa6961d19672eb4981393e19fa630cd0d92a89f2534cafc8b7898948d
scope_v3,tpa-qwen7b-scope-v3-final-20260804.tar.gz,experiments/results/scope-confirmation-v3-telemetry/confirm-c1536-o128-k1-seed1-20260804T195448608982Z.client.txt,5637,24577e86d287d7fc263fe57c4b6dc05112d1eccd042952078dd06335fc38296f
scope_v3,tpa-qwen7b-scope-v3-final-20260804.tar.gz,experiments/results/scope-confirmation-v3-telemetry/confirm-c1536-o128-k2-seed1-20260804T195509450033Z.dcgm.txt,51714,841b099770717f0966182e81dd1f5d2f80aa2bb2049d63e363320ecf4b7da8ae
scope_v3,tpa-qwen7b-scope-v3-final-20260804.tar.gz,experiments/results/scope-confirmation-v3-telemetry/confirm-c1536-o128-k2-seed1-20260804T195509450033Z.client.txt,5638,7f5e55a117b466ea7bb6fc43b0f4da0272ff238f6c314fc6e941aa71c6bf3031
scope_v3,tpa-qwen7b-scope-v3-final-20260804.tar.gz,experiments/results/scope-confirmation-v3-telemetry/confirm-c1536-o128-k4-seed1-20260804T195529816757Z.dcgm.txt,54054,6f3251bfc46a073f7cfe059848a9c67aa5517982735b9f1ac195d5e236fb40b4
scope_v3,tpa-qwen7b-scope-v3-final-20260804.tar.gz,experiments/results/scope-confirmation-v3-telemetry/confirm-c1536-o128-k4-seed1-20260804T195529816757Z.client.txt,5638,8b263d7266c38bafef52eaff145a2af75805c8fecbfba30c617ba5ca48afab38
scope_v3,tpa-qwen7b-scope-v3-final-20260804.tar.gz,experiments/results/scope-confirmation-v3-telemetry/confirm-c384-o128-k1-seed1-20260804T195550954117Z.dcgm.txt,51714,48c4cf45a5940e7d0f4a8887c2db3c0f97748c9bce55e29536d6d13c15a1011d
scope_v3,tpa-qwen7b-scope-v3-final-20260804.tar.gz,experiments/results/scope-confirmation-v3-telemetry/confirm-c384-o128-k1-seed1-20260804T195550954117Z.client.txt,5634,1da9bde470bb5efa2690d785a9f980bb295deea7f880af2b1acdb495c3da7728
scope_v3,tpa-qwen7b-scope-v3-final-20260804.tar.gz,experiments/results/scope-confirmation-v3-telemetry/confirm-c384-o128-k2-seed1-20260804T195611397086Z.dcgm.txt,50310,daca4fc4f53bfe29977860b6b3b7467646185f5d6808e95603cabc411a2142f4
scope_v3,tpa-qwen7b-scope-v3-final-20260804.tar.gz,experiments/results/scope-confirmation-v3-telemetry/confirm-c384-o128-k2-seed1-20260804T195611397086Z.client.txt,5635,aa1a82c3937dc923a28215853e315db191255f816db3a84826cdad151a92cb98
scope_v3,tpa-qwen7b-scope-v3-final-20260804.tar.gz,experiments/results/scope-confirmation-v3-telemetry/confirm-c384-o128-k4-seed1-20260804T195631233295Z.dcgm.txt,51012,84b3379146b47b21add27bd29ba128cc8f7fe04dc6a5970da758bb84aed94cff
scope_v3,tpa-qwen7b-scope-v3-final-20260804.tar.gz,experiments/results/scope-confirmation-v3-telemetry/confirm-c384-o128-k4-seed1-20260804T195631233295Z.client.txt,5635,67c2f90031b3114ccc4d609313624067e388491d1d3c958694ab1563117241fe
scope_v3,tpa-qwen7b-scope-v3-final-20260804.tar.gz,experiments/results/scope-confirmation-v3-telemetry/confirm-c1536-o128-k1-seed2-20260804T195651325540Z.dcgm.txt,53352,89ee92de87fb6bc29a52d85559e2c37dd76e50faed365f30fa8a1006868c3ced
scope_v3,tpa-qwen7b-scope-v3-final-20260804.tar.gz,experiments/results/scope-confirmation-v3-telemetry/confirm-c1536-o128-k1-seed2-20260804T195651325540Z.client.txt,5637,413bbd2cf7aa2c326a1cc463abf269dc670cc71dfefd88d94273e3b1244da537
scope_v3,tpa-qwen7b-scope-v3-final-20260804.tar.gz,experiments/results/scope-confirmation-v3-telemetry/confirm-c1536-o128-k2-seed2-20260804T195712226655Z.dcgm.txt,51480,3041ec21fd65a852f3e2ae338655ae3c26b84208a574076874aeccaedc2f757d
scope_v3,tpa-qwen7b-scope-v3-final-20260804.tar.gz,experiments/results/scope-confirmation-v3-telemetry/confirm-c1536-o128-k2-seed2-20260804T195712226655Z.client.txt,5638,3e75c32d33b688b4fa4adbffe5d85112200e8f9b2cfd9e3e9a8fbf5091381eee
scope_v3,tpa-qwen7b-scope-v3-final-20260804.tar.gz,experiments/results/scope-confirmation-v3-telemetry/confirm-c1536-o128-k4-seed2-20260804T195732541406Z.dcgm.txt,54288,65be09a02952fc89cc63307ada938ae62056bff09d03c08a1c4dd169d0b470fd
scope_v3,tpa-qwen7b-scope-v3-final-20260804.tar.gz,experiments/results/scope-confirmation-v3-telemetry/confirm-c1536-o128-k4-seed2-20260804T195732541406Z.client.txt,5638,53554ca1109e58238b99c38e811b73a2906afaf3525ba804ad451165b7a5857e
scope_v3,tpa-qwen7b-scope-v3-final-20260804.tar.gz,experiments/results/scope-confirmation-v3-telemetry/confirm-c384-o128-k1-seed2-20260804T195753863889Z.dcgm.txt,51948,e440ae8c1d14c7d78897c08259822b4cc1db12cea27e6c98ec30b7b0bc6e6d82
scope_v3,tpa-qwen7b-scope-v3-final-20260804.tar.gz,experiments/results/scope-confirmation-v3-telemetry/confirm-c384-o128-k1-seed2-20260804T195753863889Z.client.txt,5634,be04d0a0e62f428f75d36a162239ee54abcf0a77aa8d574044844ac03fe09f5f
scope_v3,tpa-qwen7b-scope-v3-final-20260804.tar.gz,experiments/results/scope-confirmation-v3-telemetry/confirm-c384-o128-k2-seed2-20260804T195814349507Z.dcgm.txt,50076,1912b0f14246779b405bae526ae7e2026204b22eec3ffdc076d0cd12d35a145f
scope_v3,tpa-qwen7b-scope-v3-final-20260804.tar.gz,experiments/results/scope-confirmation-v3-telemetry/confirm-c384-o128-k2-seed2-20260804T195814349507Z.client.txt,5635,a280650f92ec6e883d899f3af45b2b9fa5699a179b21ba38fadf5da9889f5e6a
scope_v3,tpa-qwen7b-scope-v3-final-20260804.tar.gz,experiments/results/scope-confirmation-v3-telemetry/confirm-c384-o128-k4-seed2-20260804T195834024499Z.dcgm.txt,51012,41ff440f7b13327c3e34daa163f65294873edfd69766bc3caad508c4c37b306e
scope_v3,tpa-qwen7b-scope-v3-final-20260804.tar.gz,experiments/results/scope-confirmation-v3-telemetry/confirm-c384-o128-k4-seed2-20260804T195834024499Z.client.txt,5635,95c33c427f9f93ceca57e87d0f58a471791b4ceb5c781b24b5235ef93a240118
scope_v3,tpa-qwen7b-scope-v3-final-20260804.tar.gz,experiments/results/scope-confirmation-v3-telemetry/confirm-c768-o128-k1-seed2-20260804T195854061353Z.dcgm.txt,51948,69984718c105f91e82350e059985d7f361770c73eb6ef7585cd99774d0a885f6
scope_v3,tpa-qwen7b-scope-v3-final-20260804.tar.gz,experiments/results/scope-confirmation-v3-telemetry/confirm-c768-o128-k1-seed2-20260804T195854061353Z.client.txt,5634,99e12df11b5002d4418138e2d0eae81a47f507b728ee6280d2a5dba9a41d5f6c
scope_v3,tpa-qwen7b-scope-v3-final-20260804.tar.gz,experiments/results/scope-confirmation-v3-telemetry/confirm-c768-o128-k2-seed2-20260804T195914585005Z.dcgm.txt,50544,15e1e706a5435be246127c1c4e7293bebb10106687b68dc6958b2380e9b3be1c
scope_v3,tpa-qwen7b-scope-v3-final-20260804.tar.gz,experiments/results/scope-confirmation-v3-telemetry/confirm-c768-o128-k2-seed2-20260804T195914585005Z.client.txt,5635,fed4f0055704f0d16351899c459891d25d875d51034405815886e44ed9a9f36d
scope_v3,tpa-qwen7b-scope-v3-final-20260804.tar.gz,experiments/results/scope-confirmation-v3-telemetry/confirm-c768-o128-k4-seed2-20260804T195934413135Z.dcgm.txt,51714,34e06b670b69b26dd848c5c30062fc68de388e47a4d82ed701840e63f79e402f
scope_v3,tpa-qwen7b-scope-v3-final-20260804.tar.gz,experiments/results/scope-confirmation-v3-telemetry/confirm-c768-o128-k4-seed2-20260804T195934413135Z.client.txt,5635,b296d7c73d0a0b461d13e61541993317df034010f2611285bf92af0477eb2e60
scope_v3,tpa-qwen7b-scope-v3-final-20260804.tar.gz,experiments/results/scope-confirmation-v3-artifacts.list,6481,76c82856f0638e1614d2f9846e4cd01861507ab507c85832b5f079621f72c51d
scope_v3,tpa-qwen7b-scope-v3-final-20260804.tar.gz,experiments/results/scope-confirmation-v3-artifacts.sha256,10507,a006d6017b7eb9c1a7213413fa46e635bec92ed78d2cc7d1b9e4d05b23b4ed5d
scope_v3,tpa-qwen7b-scope-v3-final-20260804.tar.gz,experiments/results/scope-confirmation-v3-report.json,52333,aa4dca7e20538d2e9f4fb56a3a3c9dd38c88bafc31b70145614ea543c8b7d7fa
scope_v3,tpa-qwen7b-scope-v3-final-20260804.tar.gz,experiments/results/scope-confirmation-v3-preregistered-decision.json,4701,9372f6d80c54a367ae41cfcc8f8a9e2d78a4d2c875fbd76d92de3596a56a6a15
scope_v3,tpa-qwen7b-scope-v3-final-20260804.tar.gz,experiments/results/scope-confirmation-v3-analysis-provenance.txt,490,3e5e7f150f64e1c6144181175a70482493002b98b01915ddeb5b38c3f6238bcd
scope_v3,tpa-qwen7b-scope-v3-final-20260804.tar.gz,experiments/results/scope-confirmation-v3-analysis.sha256,636,ac0e42cd3d1df3691566f23165d9884857bae0e6c822d71bfc867f56e65ff83b
scope_v3,tpa-qwen7b-scope-v3-final-20260804.tar.gz,experiments/results/scope-confirmation-v3-run.log,152624,02d7f6678fe540e8b631343407a66edc3fcbb231172062b1e64b0619469c1f9a
winner_confirmation,tpa-qwen7b-winner-confirmation-v1-final-20260805.tar.gz,configs/campaigns/qwen2.5-7b-h100-winner-confirmation-v1.json,4022,f34f7b080cd8ad6c1ec5edfffcad6f4070091d30ccc9d70ae53f8db20db9ddd6
winner_confirmation,tpa-qwen7b-winner-confirmation-v1-final-20260805.tar.gz,experiments/results/qwen2.5-7b-h100-workload-v2.json,8268,68c474085e5eb99717b4e1bb68a66bb937d8e142f8efaad456a480898cbdc4da
winner_confirmation,tpa-qwen7b-winner-confirmation-v1-final-20260805.tar.gz,experiments/results/winner-confirmation-v1-freeze-summary.json,1200,811f7198a45f8feaeaa7f5f2798b6d7b48e8a4c740091099a7ba1097ef8fc320
winner_confirmation,tpa-qwen7b-winner-confirmation-v1-final-20260805.tar.gz,experiments/results/winner-confirmation-v1-freeze.sha256,752,0704110f1c65d3e25c6e75c1f2bb4601648dcf382514d3fb27dd03c0b5e02867
winner_confirmation,tpa-qwen7b-winner-confirmation-v1-final-20260805.tar.gz,experiments/results/winner-confirmation-v1-l0-predictions.jsonl,12026,232182fb929aed639579abb55e1d153f67692645bf2e15391bee95d6a7789b51
winner_confirmation,tpa-qwen7b-winner-confirmation-v1-final-20260805.tar.gz,experiments/results/winner-confirmation-v1-measurements.jsonl,64701,4333cad03da0b544b8a77177d31edee86748515ad221663c68fb28df7a3ce4a3
winner_confirmation,tpa-qwen7b-winner-confirmation-v1-final-20260805.tar.gz,experiments/results/winner-confirmation-v1-run.log,57058,7807e2ce180deee4a93368fd8d87d90a11b127bf484ab2985113d4285aa0cf90
winner_confirmation,tpa-qwen7b-winner-confirmation-v1-final-20260805.tar.gz,experiments/results/winner-confirmation-v1-scenario.json,5245,986bd197aa8f866781ee831b319585db90434037e52673af56a3069bb6d2c6ee
winner_confirmation,tpa-qwen7b-winner-confirmation-v1-final-20260805.tar.gz,experiments/results/winner-confirmation-v1-schedule.json,3579,63384eb35d8cd08fa42d5f9b5dc901c2a4e81651733ae741148cc687239beac4
winner_confirmation,tpa-qwen7b-winner-confirmation-v1-final-20260805.tar.gz,experiments/results/winner-confirmation-v1-server-logs/block-000-expert-seq256-bt8192-chunk.log,41298,fd6f3b762709705811500ff86184f4fae13bfdc2c6566463286d1ece1945aedd
winner_confirmation,tpa-qwen7b-winner-confirmation-v1-final-20260805.tar.gz,experiments/results/winner-confirmation-v1-server-logs/block-001-seq32-bt2048-chunk.log,38893,bdce614098e55646c15f8afeac0480b652718893c859efc72b0b7a53dba9fddd
winner_confirmation,tpa-qwen7b-winner-confirmation-v1-final-20260805.tar.gz,experiments/results/winner-confirmation-v1-server-logs/block-002-seq32-bt2048-chunk.log,38894,96d84cf427567df6e46dbfdb76105d000c991b62e7b68ea13ae80a32d5be1641
winner_confirmation,tpa-qwen7b-winner-confirmation-v1-final-20260805.tar.gz,experiments/results/winner-confirmation-v1-server-logs/block-003-expert-seq256-bt8192-chunk.log,41296,2d23f1b2c23423cd421b94926c1e73594f8329bbc7d293616f522d1e3bfc0db4
winner_confirmation,tpa-qwen7b-winner-confirmation-v1-final-20260805.tar.gz,experiments/results/winner-confirmation-v1-server-logs/block-004-expert-seq256-bt8192-chunk.log,41298,bd2ee40b88363bf75063511c35443af6d1abfd4029fd4709ac6c0e27419ee236
winner_confirmation,tpa-qwen7b-winner-confirmation-v1-final-20260805.tar.gz,experiments/results/winner-confirmation-v1-server-logs/block-005-seq32-bt2048-chunk.log,38893,096cc230fd4251e10c7ebbbf3dae0d16c4eb2c7d9fc8e13c10c87f2e6531f604
winner_confirmation,tpa-qwen7b-winner-confirmation-v1-final-20260805.tar.gz,experiments/results/winner-confirmation-v1-server-logs/block-006-seq32-bt2048-chunk.log,38893,6e601af50b2ee87eaf385812154caed0effdec25be496d6ca99c8bba33a8e69a
winner_confirmation,tpa-qwen7b-winner-confirmation-v1-final-20260805.tar.gz,experiments/results/winner-confirmation-v1-server-logs/block-007-expert-seq256-bt8192-chunk.log,41419,36c4b4ff179efa92c1bf90b7caf78d6b6348b8815c517080b64ce5dea406c6c5
winner_confirmation,tpa-qwen7b-winner-confirmation-v1-final-20260805.tar.gz,experiments/results/winner-confirmation-v1-server-logs/block-008-expert-seq256-bt8192-chunk.log,41296,292b3717e2e61ada89f4ebea72d8fdf31a38a692a446da2a2eeb0052aa153484
winner_confirmation,tpa-qwen7b-winner-confirmation-v1-final-20260805.tar.gz,experiments/results/winner-confirmation-v1-server-logs/block-009-seq32-bt2048-chunk.log,38894,4f3513df4af24a0bb37de8a2b211ee1a86dc2c24c886f6b631aa027078bb28a4
winner_confirmation,tpa-qwen7b-winner-confirmation-v1-final-20260805.tar.gz,experiments/results/winner-confirmation-v1-telemetry/expert-seq256-bt8192-chunk-seed100-20260805T220437453743Z.client.txt,5643,090ff7ee5ce9e8ef30a265c76b8ed00449695c43ab64993e2398f15292235fca
winner_confirmation,tpa-qwen7b-winner-confirmation-v1-final-20260805.tar.gz,experiments/results/winner-confirmation-v1-telemetry/expert-seq256-bt8192-chunk-seed100-20260805T220437453743Z.dcgm.txt,91728,a655e854c7889e0854d875f39a1fec37ca65be126a5856632eaa32cf4b8f04fd
winner_confirmation,tpa-qwen7b-winner-confirmation-v1-final-20260805.tar.gz,experiments/results/winner-confirmation-v1-telemetry/expert-seq256-bt8192-chunk-seed101-20260805T220938220751Z.client.txt,5643,a8d556c42f083eb22476c66f4dfebfcfbc8225e12d63f5f27af4895fbb2ead96
winner_confirmation,tpa-qwen7b-winner-confirmation-v1-final-20260805.tar.gz,experiments/results/winner-confirmation-v1-telemetry/expert-seq256-bt8192-chunk-seed101-20260805T220938220751Z.dcgm.txt,92664,499c7f04ea448cec1f136309060bcbfc42943245277298ada52df28b0181cc04
winner_confirmation,tpa-qwen7b-winner-confirmation-v1-final-20260805.tar.gz,experiments/results/winner-confirmation-v1-telemetry/expert-seq256-bt8192-chunk-seed102-20260805T221122631619Z.client.txt,5643,45098812802fb4267fec17093e9c1e875162e4e219737ec97b37791917fe5326
winner_confirmation,tpa-qwen7b-winner-confirmation-v1-final-20260805.tar.gz,experiments/results/winner-confirmation-v1-telemetry/expert-seq256-bt8192-chunk-seed102-20260805T221122631619Z.dcgm.txt,92196,8cd2f794132a57d6c07299885c373ed736b2c33b0f839f07f7a48ed6bb921ecb
winner_confirmation,tpa-qwen7b-winner-confirmation-v1-final-20260805.tar.gz,experiments/results/winner-confirmation-v1-telemetry/expert-seq256-bt8192-chunk-seed103-20260805T221623985062Z.client.txt,5643,6b13c6edc0770e7a30b4702863e2e0edbd5a1aed41cc7a5e6232a2017651f8ea
winner_confirmation,tpa-qwen7b-winner-confirmation-v1-final-20260805.tar.gz,experiments/results/winner-confirmation-v1-telemetry/expert-seq256-bt8192-chunk-seed103-20260805T221623985062Z.dcgm.txt,91962,ba3df89898988a422026c08ce95cc10b25d1437f80ded9e580c6970683cb15f4
winner_confirmation,tpa-qwen7b-winner-confirmation-v1-final-20260805.tar.gz,experiments/results/winner-confirmation-v1-telemetry/expert-seq256-bt8192-chunk-seed104-20260805T221808056722Z.client.txt,5643,8cd355fcc83f247a3329de05dc3f48f2009ca6cf3ce46aa4d95f0b42c4afa1a9
winner_confirmation,tpa-qwen7b-winner-confirmation-v1-final-20260805.tar.gz,experiments/results/winner-confirmation-v1-telemetry/expert-seq256-bt8192-chunk-seed104-20260805T221808056722Z.dcgm.txt,92430,1511859a49c587b506cc8f65fd2dbb3b6af5fbb5f9d552f9425990d23baaaa14
winner_confirmation,tpa-qwen7b-winner-confirmation-v1-final-20260805.tar.gz,experiments/results/winner-confirmation-v1-telemetry/seq32-bt2048-chunk-seed100-20260805T220616196439Z.client.txt,5643,b73c09bb3328d30c79af6c45203aacc9ffaea55c35282fefa3f8a6deeee5ee44
winner_confirmation,tpa-qwen7b-winner-confirmation-v1-final-20260805.tar.gz,experiments/results/winner-confirmation-v1-telemetry/seq32-bt2048-chunk-seed100-20260805T220616196439Z.dcgm.txt,90792,6468c97f25c79fe31f390ae0413fde57dcac9fa150f6835f4829c802153daf8a
winner_confirmation,tpa-qwen7b-winner-confirmation-v1-final-20260805.tar.gz,experiments/results/winner-confirmation-v1-telemetry/seq32-bt2048-chunk-seed101-20260805T220754537699Z.client.txt,5643,2b322fb55d6b64466383cf1df5ee6d2aef15169020e90c850ef56ef7a6918cbd
winner_confirmation,tpa-qwen7b-winner-confirmation-v1-final-20260805.tar.gz,experiments/results/winner-confirmation-v1-telemetry/seq32-bt2048-chunk-seed101-20260805T220754537699Z.dcgm.txt,91260,2471da8e1ffbf07bfeda0e0c23e87b12e73b21efd58719701dde90f210b64ec2
winner_confirmation,tpa-qwen7b-winner-confirmation-v1-final-20260805.tar.gz,experiments/results/winner-confirmation-v1-telemetry/seq32-bt2048-chunk-seed102-20260805T221301700836Z.client.txt,5643,f272d777166000b261cfe222b64856bb7afc5181149719c74fdc9815b4158fad
winner_confirmation,tpa-qwen7b-winner-confirmation-v1-final-20260805.tar.gz,experiments/results/winner-confirmation-v1-telemetry/seq32-bt2048-chunk-seed102-20260805T221301700836Z.dcgm.txt,91494,073e9512ff8cf7e31643ef51900fee62d2b40151599f7976e76169060554a397
winner_confirmation,tpa-qwen7b-winner-confirmation-v1-final-20260805.tar.gz,experiments/results/winner-confirmation-v1-telemetry/seq32-bt2048-chunk-seed103-20260805T221440384768Z.client.txt,5643,1c9bb022baff81c8dc52d80d190f710fff48f364dbbceb4e9db67d486e907357
winner_confirmation,tpa-qwen7b-winner-confirmation-v1-final-20260805.tar.gz,experiments/results/winner-confirmation-v1-telemetry/seq32-bt2048-chunk-seed103-20260805T221440384768Z.dcgm.txt,91260,cb088d87cb4c4460bcfad312b473318739b8728375dd57383046d0ab5b1aad49
winner_confirmation,tpa-qwen7b-winner-confirmation-v1-final-20260805.tar.gz,experiments/results/winner-confirmation-v1-telemetry/seq32-bt2048-chunk-seed104-20260805T221947213226Z.client.txt,5643,52acd32096f2a63d489a909da7d5654a0dec27c1738d5312c83071dca393cecd
winner_confirmation,tpa-qwen7b-winner-confirmation-v1-final-20260805.tar.gz,experiments/results/winner-confirmation-v1-telemetry/seq32-bt2048-chunk-seed104-20260805T221947213226Z.dcgm.txt,91026,afca5b4de9f08843999b08c5999286ff99653dfe8e0395c03266b47d3d3afb3a
winner_confirmation,tpa-qwen7b-winner-confirmation-v1-final-20260805.tar.gz,experiments/results/winner-confirmation-v1-artifacts.list,3786,529eb4dff9be804ab55daef066ed1ebe4377f824d75eae58b0f0c7ef9e2cad1a
winner_confirmation,tpa-qwen7b-winner-confirmation-v1-final-20260805.tar.gz,experiments/results/winner-confirmation-v1-artifacts.sha256,6360,20a77108cf3af3ec2f22cdf22b13d34a82694f5c1bbca64b67cbd4330e7889a5
winner_confirmation,tpa-qwen7b-winner-confirmation-v1-final-20260805.tar.gz,experiments/results/winner-confirmation-v1-report.json,14712,abcea598179c4d64ea0a37f84a57e790441fd86950ab90534a17ac9b5a755a54
winner_confirmation,tpa-qwen7b-winner-confirmation-v1-final-20260805.tar.gz,experiments/results/winner-confirmation-v1-analysis-provenance.txt,423,e6261f01e94e65c4ce78818aed5274465da63ed79cd8f266d53b806a57441282
winner_confirmation,tpa-qwen7b-winner-confirmation-v1-final-20260805.tar.gz,experiments/results/winner-confirmation-v1-analysis.sha256,504,0d1960e4e7a655c0ce44eab71984d94092a1a820ca8ac1340421e4390ba4a631
workload_v1,tpa-qwen7b-workload-transfer-v1-20260804.tar.gz,configs/campaigns/qwen2.5-7b-h100-workload-transfer-validation-v1.json,2096,6e780e4d6418dd7699412d0b05eef791fefda164bdc25cc2e1829aff93c31cc7
workload_v1,tpa-qwen7b-workload-transfer-v1-20260804.tar.gz,experiments/results/environment/h100-ipp2-0052-20260803.txt,2232,e52e4e67cf1c0d286193a5994db780b5decad5df0374d2539b98bdc29e222190
workload_v1,tpa-qwen7b-workload-transfer-v1-20260804.tar.gz,experiments/results/qwen2.5-7b-h100-l1-v1.json,3847,47a9974af181d76aa887c4ae197740178fc9cfb872b5b759d00d6f79e9b85feb
workload_v1,tpa-qwen7b-workload-transfer-v1-20260804.tar.gz,experiments/results/serving-campaign-telemetry/val-c1024-o128-k4-seed0-20260804T163300809206Z.client.txt,5638,9725725a00796b237ff1cf55601f7e76b537e6637f77b9839be00c1a459e9e46
workload_v1,tpa-qwen7b-workload-transfer-v1-20260804.tar.gz,experiments/results/serving-campaign-telemetry/val-c1024-o128-k4-seed0-20260804T163300809206Z.dcgm.txt,52416,55f0bfb0c461d3b03c94676b581080c21da3654e5697ef5190a700481b3d7a06
workload_v1,tpa-qwen7b-workload-transfer-v1-20260804.tar.gz,experiments/results/serving-campaign-telemetry/val-c1024-o128-k4-seed1-20260804T163443577462Z.client.txt,5638,1ed71f2e716f08d8e2d87f6e89bff34e1ea42c138b3457f40c7a1ad973d12167
workload_v1,tpa-qwen7b-workload-transfer-v1-20260804.tar.gz,experiments/results/serving-campaign-telemetry/val-c1024-o128-k4-seed1-20260804T163443577462Z.dcgm.txt,52416,44b7f3b9f2bab00a29c7d99534be1e95438915d2f1ebe5aac3f7b1e8494f8e0c
workload_v1,tpa-qwen7b-workload-transfer-v1-20260804.tar.gz,experiments/results/serving-campaign-telemetry/val-c1024-o128-k4-seed2-20260804T163847384771Z.client.txt,5638,644cd527a3e8a53162efd07a581f8752dc267acf989db8433323e02c87c90e36
workload_v1,tpa-qwen7b-workload-transfer-v1-20260804.tar.gz,experiments/results/serving-campaign-telemetry/val-c1024-o128-k4-seed2-20260804T163847384771Z.dcgm.txt,52650,46c267f9d4d68acd201b295a379acd5621092ce2cc111b93c0622202bee64c7e
workload_v1,tpa-qwen7b-workload-transfer-v1-20260804.tar.gz,experiments/results/serving-campaign-telemetry/val-c2048-o128-k32-seed0-20260804T163345089043Z.client.txt,5641,4b4be06633e7d2833b7ff23b1f3992fdf3e28ba2d8ea88b97e68b3f24e7ff70c
workload_v1,tpa-qwen7b-workload-transfer-v1-20260804.tar.gz,experiments/results/serving-campaign-telemetry/val-c2048-o128-k32-seed0-20260804T163345089043Z.dcgm.txt,90090,0679dc708969fd52c11a9ecb67a709f7e9e942864f68ea6adbf568d993989c82
workload_v1,tpa-qwen7b-workload-transfer-v1-20260804.tar.gz,experiments/results/serving-campaign-telemetry/val-c2048-o128-k32-seed1-20260804T163527761474Z.client.txt,5641,36aa8ec2ec7ea672101cf6bce28a19e5273cb7df418e2a8055c68e20ac104783
workload_v1,tpa-qwen7b-workload-transfer-v1-20260804.tar.gz,experiments/results/serving-campaign-telemetry/val-c2048-o128-k32-seed1-20260804T163527761474Z.dcgm.txt,91026,925dfd2ce84be16c6be6c8b77cbc76feba06922168677c9187e3d84aa0cd7f4d
workload_v1,tpa-qwen7b-workload-transfer-v1-20260804.tar.gz,experiments/results/serving-campaign-telemetry/val-c2048-o128-k32-seed2-20260804T163707753689Z.client.txt,5641,553657696fb301470d8ee5e0a0cafcdee90f385e9e6e66538544a41a70f26220
workload_v1,tpa-qwen7b-workload-transfer-v1-20260804.tar.gz,experiments/results/serving-campaign-telemetry/val-c2048-o128-k32-seed2-20260804T163707753689Z.dcgm.txt,89856,ef15040bcc2a8b3b1c1f1b477699207c2fe09b30db884ec00930a00ff4c8e3b3
workload_v1,tpa-qwen7b-workload-transfer-v1-20260804.tar.gz,experiments/results/serving-campaign-telemetry/val-c2048-o128-k8-seed0-20260804T163321553274Z.client.txt,5638,6d29fdcda0039e73e498fb68f192e6e61323baecd4ba4ff59a15bf78a5e1306e
workload_v1,tpa-qwen7b-workload-transfer-v1-20260804.tar.gz,experiments/results/serving-campaign-telemetry/val-c2048-o128-k8-seed0-20260804T163321553274Z.dcgm.txt,60138,3abd1f48f77bbacdfd1a25a09d90d7d3cdb5dfc821bc4ba9f88818a55d681a5c
workload_v1,tpa-qwen7b-workload-transfer-v1-20260804.tar.gz,experiments/results/serving-campaign-telemetry/val-c2048-o128-k8-seed1-20260804T163504317806Z.client.txt,5638,e0ef7158eab151badba17bd899887139571167fc39a8b189bcd58e59e53f0f4d
workload_v1,tpa-qwen7b-workload-transfer-v1-20260804.tar.gz,experiments/results/serving-campaign-telemetry/val-c2048-o128-k8-seed1-20260804T163504317806Z.dcgm.txt,59670,c51207868de2f627e3cab3c8caee773f4d98bdb88fe881d6ce2f7dd7c07ea5f4
workload_v1,tpa-qwen7b-workload-transfer-v1-20260804.tar.gz,experiments/results/serving-campaign-telemetry/val-c2048-o128-k8-seed2-20260804T163644125084Z.client.txt,5638,f58c1c5f1c8b7f0a2cdbafb84036b6a6606703eb3abc9b83dd56fd7ceb597733
workload_v1,tpa-qwen7b-workload-transfer-v1-20260804.tar.gz,experiments/results/serving-campaign-telemetry/val-c2048-o128-k8-seed2-20260804T163644125084Z.dcgm.txt,60138,9dd9f42fe61ccd2ece3a2d3019deeb2a075b8a77afe88a7d9f2a2a8d5449e1c9
workload_v1,tpa-qwen7b-workload-transfer-v1-20260804.tar.gz,experiments/results/serving-campaign-telemetry/val-c256-o128-k16-seed0-20260804T163216297237Z.client.txt,5638,70343ff5dc1a75b1692559f693fe796e096dee600e495f9d1d5e24530a0ecc0d
workload_v1,tpa-qwen7b-workload-transfer-v1-20260804.tar.gz,experiments/results/serving-campaign-telemetry/val-c256-o128-k16-seed0-20260804T163216297237Z.dcgm.txt,53352,dab5f04ff72d974c04c45432ab7fb1afca2c491da6ad216ed701b33a4f856b9e
workload_v1,tpa-qwen7b-workload-transfer-v1-20260804.tar.gz,experiments/results/serving-campaign-telemetry/val-c256-o128-k16-seed1-20260804T163623393575Z.client.txt,5638,7b04a54ab87eab23928fc0cca0df870c5aa1ca9ade498b09211fc5c109c5ea25
workload_v1,tpa-qwen7b-workload-transfer-v1-20260804.tar.gz,experiments/results/serving-campaign-telemetry/val-c256-o128-k16-seed1-20260804T163623393575Z.dcgm.txt,52650,fd51ef4190907bb1a21763b418883bb511f55648168fdd2eebbafafacfb1f599
workload_v1,tpa-qwen7b-workload-transfer-v1-20260804.tar.gz,experiments/results/serving-campaign-telemetry/val-c256-o128-k16-seed2-20260804T163802829612Z.client.txt,5638,7e961c69535f477e0e7c5776b121d8b65580cb15ade0a34106c7ca1acd0cf48a
workload_v1,tpa-qwen7b-workload-transfer-v1-20260804.tar.gz,experiments/results/serving-campaign-telemetry/val-c256-o128-k16-seed2-20260804T163802829612Z.dcgm.txt,52650,68830241ac82044e0a09be78bf37d5d0af39fbbe3c81bf320d4ed70e8caad15a
workload_v1,tpa-qwen7b-workload-transfer-v1-20260804.tar.gz,experiments/results/serving-campaign-telemetry/val-c256-o128-k1-seed0-20260804T163155350119Z.client.txt,5634,fd85c4880c603b6f2febcefcdd089ea33b7eb54c489aadbb483e35d30eb8a8b9
workload_v1,tpa-qwen7b-workload-transfer-v1-20260804.tar.gz,experiments/results/serving-campaign-telemetry/val-c256-o128-k1-seed0-20260804T163155350119Z.dcgm.txt,53586,2215f0a971135efc7759a6da431503b35a188807a022816cf99df27ad7c6f71c
workload_v1,tpa-qwen7b-workload-transfer-v1-20260804.tar.gz,experiments/results/serving-campaign-telemetry/val-c256-o128-k1-seed1-20260804T163602896751Z.client.txt,5634,3db796f5e4b1caaaf2678e5573a5c9a9f4f190727e219dfc121c2f1a650dfc66
workload_v1,tpa-qwen7b-workload-transfer-v1-20260804.tar.gz,experiments/results/serving-campaign-telemetry/val-c256-o128-k1-seed1-20260804T163602896751Z.dcgm.txt,51948,d61206086201018cc0c29b37bb5e4d79a33259b03492aaddb872d840ab179f8d
workload_v1,tpa-qwen7b-workload-transfer-v1-20260804.tar.gz,experiments/results/serving-campaign-telemetry/val-c256-o128-k1-seed2-20260804T163742538775Z.client.txt,5634,bfb7f037a53ab995aca50d83d1d99db17558afb8b88f2e06f9cf4dbaa2aa8ac3
workload_v1,tpa-qwen7b-workload-transfer-v1-20260804.tar.gz,experiments/results/serving-campaign-telemetry/val-c256-o128-k1-seed2-20260804T163742538775Z.dcgm.txt,51480,658d7fc373f03309e8bfdb65d184d68327e463f16dbbc194923d1d3e4bfbf911
workload_v1,tpa-qwen7b-workload-transfer-v1-20260804.tar.gz,experiments/results/serving-campaign-telemetry/val-c512-o128-k32-seed0-20260804T163237178049Z.client.txt,5638,1c4ee70ece51430a3ae69cc633606ec0486f1b02c8ebaf213e0ff4800bc160e2
workload_v1,tpa-qwen7b-workload-transfer-v1-20260804.tar.gz,experiments/results/serving-campaign-telemetry/val-c512-o128-k32-seed0-20260804T163237178049Z.dcgm.txt,60138,f01eef5b02a27f87069bf3ad07eab408378992b9cef6e6bbfc96cbe68a9ceb73
workload_v1,tpa-qwen7b-workload-transfer-v1-20260804.tar.gz,experiments/results/serving-campaign-telemetry/val-c512-o128-k32-seed1-20260804T163420070093Z.client.txt,5638,4d23fbd1f5f820e2fba20862cbf93c1d5411f65f0bf886637a8c4ea68021b57c
workload_v1,tpa-qwen7b-workload-transfer-v1-20260804.tar.gz,experiments/results/serving-campaign-telemetry/val-c512-o128-k32-seed1-20260804T163420070093Z.dcgm.txt,59904,aa9422b7bc98243c04f640ad8d91be2056e16c8dd2fa52591d61c98c33ec978c
workload_v1,tpa-qwen7b-workload-transfer-v1-20260804.tar.gz,experiments/results/serving-campaign-telemetry/val-c512-o128-k32-seed2-20260804T163823661271Z.client.txt,5638,9e29fffdcbbe21460cd518e55cb6126ef02afa682017513243fc063481faaee3
workload_v1,tpa-qwen7b-workload-transfer-v1-20260804.tar.gz,experiments/results/serving-campaign-telemetry/val-c512-o128-k32-seed2-20260804T163823661271Z.dcgm.txt,60840,7041f1f357adddeba6eb74b00cd697824c28dcf631e12d6b02922c4a8ad33e86
workload_v1,tpa-qwen7b-workload-transfer-v1-20260804.tar.gz,experiments/results/workload-transfer-validation-v1-freeze.sha256,529,f348a462b76b36dbad6272fc95574c12f9a0058e16a9bb6f3201dd1b49843faf
workload_v1,tpa-qwen7b-workload-transfer-v1-20260804.tar.gz,experiments/results/workload-transfer-validation-v1-measurements.jsonl,94364,117cdbc9ec0ea4d92902c4dc2d83114e76bf0cbd998139547e622d0c0b8be445
workload_v1,tpa-qwen7b-workload-transfer-v1-20260804.tar.gz,experiments/results/workload-transfer-validation-v1-predictions.jsonl,30629,7cd266630db2d778d25419636b38ac71576d37e696f2c6eb72b308821f0b211b
workload_v1,tpa-qwen7b-workload-transfer-v1-20260804.tar.gz,experiments/results/workload-transfer-validation-v1-predictions.summary.json,909,483bdb993c7cc06663a0d5a1b4bd1621b4cfc96d7b8abf0d8ce2ca4505330d26
workload_v1,tpa-qwen7b-workload-transfer-v1-20260804.tar.gz,experiments/results/workload-transfer-validation-v1-artifacts.list,4206,44587143a78cf5d2e024f85fd4a37e99035150082e0b11f7e4888471b65a035b
workload_v1,tpa-qwen7b-workload-transfer-v1-20260804.tar.gz,experiments/results/workload-transfer-validation-v1-artifacts.sha256,7044,6f11ed73f6f85fa335d1d57cde7e0fe379500bdb41345ddbeb1c2473d9c1ff0e
workload_v1,tpa-qwen7b-workload-transfer-v1-20260804.tar.gz,experiments/results/workload-transfer-validation-v1-report.json,37435,3e2c99a89831b60bd88bce1e22597806691c2e0ac6f59ff68ee3bc59f943d558
workload_v1,tpa-qwen7b-workload-transfer-v1-20260804.tar.gz,experiments/results/workload-transfer-validation-v1-analysis-provenance.txt,245,eede39b721bf2117c1d24a44e78a2e187835d3905837fa2043358d00c841d5ee
workload_v1,tpa-qwen7b-workload-transfer-v1-20260804.tar.gz,experiments/results/workload-transfer-validation-v1-analysis.sha256,540,5fa7d0315e58cd61286e975f6971b233eb06e600aa8fb56d03db6081a3fac259
