experiment_id,candidate_id,workload_id,level,kind,status,repeat,seed,input_tokens,output_tokens,concurrency,max_num_seqs,max_num_batched_tokens,chunked_prefill,gpu_hours,avg_power_per_gpu_w,avg_power_w,benchmark_duration_s,campaign_id,candidate_role,capacity_tok_s,created_at,data_parallel,dataset_split,duration_s,energy_j,energy_j_per_1k_output_tokens,energy_j_per_1k_output_tokens_lower,energy_j_per_1k_output_tokens_upper,energy_j_per_1k_tokens,energy_j_per_1k_tokens_lower,energy_j_per_1k_tokens_upper,energy_j_per_1k_total_tokens,estimated_memory_gib,executor,failed_requests,failure_reason,gpu_energy_j,gpu_id,j_per_output_token,j_per_total_token,kv_cache_dtype,mean_e2el_ms,mean_itl_ms,mean_tpot_ms,mean_ttft_ms,measurement_window_ms,num_requests,output_throughput_tok_s,p50_e2el_ms,p50_itl_ms,p50_tpot_ms,p50_ttft_ms,p95_e2el_ms,p95_itl_ms,p95_tpot_ms,p95_ttft_ms,p99_e2el_ms,p99_itl_ms,p99_tpot_ms,p99_ttft_ms,pipeline_parallel,power_limit_w,precision,prefix_caching,relative_uncertainty,request_rate,request_throughput_req_s,source_archive,source_member,successful_requests,telemetry_path,tensor_parallel,throughput_tok_s,throughput_tok_s_lower,throughput_tok_s_upper,total_gpu_power_w,total_throughput_tok_s,tpot_ms,tpot_ms_lower,tpot_ms_upper,trial_elapsed_ms,ttft_ms,ttft_ms_lower,ttft_ms_upper
config_search_v1,seq8-bt2048-chunk,,L0,simulated,succeeded,,,2048,128,32,8,2048,true,0.0,466.23970844782906,466.23970844782906,,qwen2.5-7b-h100-config-search-v1,candidate,896.9581888522741,2026-08-04T23:09:54.537598+00:00,1,preregistered-configuration-search,36.53236060192408,17032.837155952042,519.8009385971692,238.58863081610065,801.0132463782377,519.8009385971692,238.58863081610065,801.0132463782377,30.576525799833483,19.104417085647583,topology-sandbox,,,17032.837155952042,,0.5198009385971692,0.030576525799833484,bfloat16,,,,,,256,,,,,,,,,,,,,,1,,bfloat16,,0.541,inf,7.007485850408392,policy_v1,experiments/results/config-search-v1-replay-corpus.jsonl,,,1,896.9581888522741,411.7038086831938,1382.2125690213543,466.23970844782906,,8.515864724724658,3.9087819086486175,13.122947540800697,,485.2574199093711,222.7331557384013,747.7816840803408
config_search_v1,seq8-bt4096-chunk,,L0,simulated,succeeded,,,2048,128,32,8,4096,true,0.0,466.23970844782906,466.23970844782906,,qwen2.5-7b-h100-config-search-v1,candidate,896.9581888522741,2026-08-04T23:09:54.537702+00:00,1,preregistered-configuration-search,36.53236060192408,17032.837155952042,519.8009385971692,242.22723738628082,797.3746398080575,519.8009385971692,242.22723738628082,797.3746398080575,30.576525799833483,19.104417085647583,topology-sandbox,,,17032.837155952042,,0.5198009385971692,0.030576525799833484,bfloat16,,,,,,256,,,,,,,,,,,,,,1,,bfloat16,,0.534,inf,7.007485850408392,policy_v1,experiments/results/config-search-v1-replay-corpus.jsonl,,,1,896.9581888522741,417.9825160051597,1375.9338616993884,466.23970844782906,,8.515864724724658,3.9683929617216904,13.063336487727625,,424.6002424206997,197.86371296804606,651.3367718733534
config_search_v1,seq8-bt8192-chunk,,L0,simulated,succeeded,,,2048,128,32,8,8192,true,0.0,466.23970844782906,466.23970844782906,,qwen2.5-7b-h100-config-search-v1,candidate,896.9581888522741,2026-08-04T23:09:54.537777+00:00,1,preregistered-configuration-search,36.53236060192408,17032.837155952042,519.8009385971692,245.86584395646102,793.7360332378775,519.8009385971692,245.86584395646102,793.7360332378775,30.576525799833483,19.104417085647583,topology-sandbox,,,17032.837155952042,,0.5198009385971692,0.030576525799833484,bfloat16,,,,,,256,,,,,,,,,,,,,,1,,bfloat16,,0.527,inf,7.007485850408392,policy_v1,experiments/results/config-search-v1-replay-corpus.jsonl,,,1,896.9581888522741,424.26122332712566,1369.6551543774228,466.23970844782906,,8.515864724724658,4.028004014794763,13.003725434654553,,394.271653676364,186.49049218892017,602.0528151638078
config_search_v1,seq16-bt2048-chunk,,L0,simulated,succeeded,,,2048,128,32,16,2048,true,0.0,614.9511864909232,614.9511864909232,,qwen2.5-7b-h100-config-search-v1,candidate,1226.9306661213977,2026-08-04T23:09:54.537845+00:00,1,preregistered-configuration-search,26.70729561564141,16423.683126802516,501.2110329224401,233.56434134185707,768.8577245030232,501.2110329224401,233.56434134185707,768.8577245030232,29.483001936614123,20.034104585647583,topology-sandbox,,,16423.683126802516,,0.5012110329224401,0.02948300193661412,bfloat16,,,,,,256,,,,,,,,,,,,,,1,,bfloat16,,0.534,inf,9.58539582907342,policy_v1,experiments/results/config-search-v1-replay-corpus.jsonl,,,1,1226.9306661213977,571.7496904125713,1882.1116418302242,614.9511864909232,,12.451191922925213,5.802255436083149,19.100128409767276,,886.8789991715206,413.28561361392855,1360.4723847291127
config_search_v1,seq16-bt4096-chunk,,L0,simulated,succeeded,,,2048,128,32,16,4096,true,0.0,614.9511864909232,614.9511864909232,,qwen2.5-7b-h100-config-search-v1,candidate,1226.9306661213977,2026-08-04T23:09:54.537912+00:00,1,preregistered-configuration-search,26.70729561564141,16423.683126802516,501.2110329224401,237.07281857231416,765.3492472725661,501.2110329224401,237.07281857231416,765.3492472725661,29.483001936614123,20.034104585647583,topology-sandbox,,,16423.683126802516,,0.5012110329224401,0.02948300193661412,bfloat16,,,,,,256,,,,,,,,,,,,,,1,,bfloat16,,0.527,inf,9.58539582907342,policy_v1,experiments/results/config-search-v1-replay-corpus.jsonl,,,1,1226.9306661213977,580.3382050754211,1873.5231271673745,614.9511864909232,,12.451191922925213,5.889413779543625,19.012970066306803,,709.5031993372165,335.5950132865034,1083.4113853879298
config_search_v1,seq16-bt8192-chunk,,L0,simulated,succeeded,,,2048,128,32,16,8192,true,0.0,614.9511864909232,614.9511864909232,,qwen2.5-7b-h100-config-search-v1,candidate,1226.9306661213977,2026-08-04T23:09:54.537985+00:00,1,preregistered-configuration-search,26.70729561564141,16423.683126802516,501.2110329224401,240.58129580277125,761.8407700421089,501.2110329224401,240.58129580277125,761.8407700421089,29.483001936614123,20.034104585647583,topology-sandbox,,,16423.683126802516,,0.5012110329224401,0.02948300193661412,bfloat16,,,,,,256,,,,,,,,,,,,,,1,,bfloat16,,0.52,inf,9.58539582907342,policy_v1,experiments/results/config-search-v1-replay-corpus.jsonl,,,1,1226.9306661213977,588.9267197382709,1864.9346125045245,614.9511864909232,,12.451191922925213,5.976572123004102,18.925811722846323,,620.8152994200644,297.9913437216309,943.639255118498
config_search_v1,seq32-bt2048-chunk,,L0,simulated,succeeded,,,2048,128,32,32,2048,true,0.0,689.7849919306933,689.7849919306933,,qwen2.5-7b-h100-config-search-v1,candidate,1392.977675332623,2026-08-04T23:09:54.538050+00:00,1,preregistered-configuration-search,23.523707938948466,16226.300690847553,495.1873990126817,234.22363973299844,756.151158292365,495.1873990126817,234.22363973299844,756.151158292365,29.128670530157745,21.893479585647583,topology-sandbox,,,16226.300690847553,,0.49518739901268166,0.029128670530157746,bfloat16,,,,,,256,,,,,,,,,,,,,,1,,bfloat16,,0.527,inf,10.882638088536117,policy_v1,experiments/results/config-search-v1-replay-corpus.jsonl,,,1,1392.977675332623,658.8784404323306,2127.0769102329155,689.7849919306933,,21.93394692610868,10.374756896049405,33.49313695616795,,2187.249206772628,1034.568874803453,3339.9295387418033
config_search_v1,seq32-bt4096-chunk,,L0,simulated,succeeded,,,2048,128,32,32,4096,true,0.0,689.7849919306933,689.7849919306933,,qwen2.5-7b-h100-config-search-v1,candidate,1392.977675332623,2026-08-04T23:09:54.538161+00:00,1,preregistered-configuration-search,23.523707938948466,16226.300690847553,495.1873990126817,237.68995152608719,752.6848464992762,495.1873990126817,237.68995152608719,752.6848464992762,29.128670530157745,21.893479585647583,topology-sandbox,,,16226.300690847553,,0.49518739901268166,0.029128670530157746,bfloat16,,,,,,256,,,,,,,,,,,,,,1,,bfloat16,,0.52,inf,10.882638088536117,policy_v1,experiments/results/config-search-v1-replay-corpus.jsonl,,,1,1392.977675332623,668.629284159659,2117.326066505587,689.7849919306933,,21.93394692610868,10.528294524532166,33.33959932768519,,1562.3208619804484,749.9140137506153,2374.7277102102817
config_search_v1,seq32-bt8192-chunk,,L0,simulated,succeeded,,,2048,128,32,32,8192,true,0.0,689.7849919306933,689.7849919306933,,qwen2.5-7b-h100-config-search-v1,candidate,1392.977675332623,2026-08-04T23:09:54.538234+00:00,1,preregistered-configuration-search,23.523707938948466,16226.300690847553,495.1873990126817,241.15626331917596,749.2185347061874,495.1873990126817,241.15626331917596,749.2185347061874,29.128670530157745,21.893479585647583,topology-sandbox,,,16226.300690847553,,0.49518739901268166,0.029128670530157746,bfloat16,,,,,,256,,,,,,,,,,,,,,1,,bfloat16,,0.513,inf,10.882638088536117,policy_v1,experiments/results/config-search-v1-replay-corpus.jsonl,,,1,1392.977675332623,678.3801278869873,2107.5752227782586,689.7849919306933,,21.93394692610868,10.681832153014927,33.186061699202426,,1249.8566895843587,608.6802078275826,1891.0331713411347
config_search_v1,seq8-bt4096-nochunk,,L0,simulated,succeeded,,,2048,128,32,8,4096,false,0.0,466.23970844782906,466.23970844782906,,qwen2.5-7b-h100-config-search-v1,candidate,896.9581888522741,2026-08-04T23:09:54.538299+00:00,1,preregistered-configuration-search,36.53236060192408,17032.837155952042,519.8009385971692,236.7693275310106,802.8325496633278,519.8009385971692,236.7693275310106,802.8325496633278,30.576525799833483,19.104417085647583,topology-sandbox,,,17032.837155952042,,0.5198009385971692,0.030576525799833484,bfloat16,,,,,,256,,,,,,,,,,,,,,1,,bfloat16,,0.5445,inf,7.007485850408392,policy_v1,experiments/results/config-search-v1-replay-corpus.jsonl,,,1,896.9581888522741,408.5644550222109,1385.3519226823373,466.23970844782906,,8.515864724724658,3.8789763821120817,13.152753067337233,,485.2574199093711,221.03475476871853,749.4800850500236
config_search_v1,seq32-bt8192-nochunk,,L0,simulated,succeeded,,,2048,128,32,32,8192,false,0.0,689.7849919306933,689.7849919306933,,qwen2.5-7b-h100-config-search-v1,candidate,1392.977675332623,2026-08-04T23:09:54.538365+00:00,1,preregistered-configuration-search,23.523707938948466,16226.300690847553,495.1873990126817,235.9567956295428,754.4180023958206,495.1873990126817,235.9567956295428,754.4180023958206,29.128670530157745,21.893479585647583,topology-sandbox,,,16226.300690847553,,0.49518739901268166,0.029128670530157746,bfloat16,,,,,,256,,,,,,,,,,,,,,1,,bfloat16,,0.5235000000000001,inf,10.882638088536117,policy_v1,experiments/results/config-search-v1-replay-corpus.jsonl,,,1,1392.977675332623,663.7538622959947,2122.2014883692514,689.7849919306933,,21.93394692610868,10.451525710290783,33.416368141926576,,1562.3208619804484,744.4458907336835,2380.1958332272134
config_search_v1,expert-seq256-bt8192-chunk,,L0,simulated,succeeded,,,2048,128,32,256,8192,true,0.0,645.4710756366884,645.4710756366884,,qwen2.5-7b-h100-config-search-v1,expert-baseline,1769.8446605946729,2026-08-04T23:09:54.538453+00:00,1,preregistered-configuration-search,18.514619237255467,11950.65119407501,364.7049314598086,185.27010518158278,544.1397577380344,364.7049314598086,185.27010518158278,544.1397577380344,21.453231262341685,21.893479585647583,topology-sandbox,,,11950.65119407501,,0.36470493145980865,0.021453231262341686,bfloat16,,,,,,256,,,,,,,,,,,,,,1,,bfloat16,,0.492,inf,13.826911410895882,policy_v1,experiments/results/config-search-v1-replay-corpus.jsonl,,,1,1769.8446605946729,899.0810875820938,2640.608233607252,645.4710756366884,,16.940630681881178,8.605840386395638,25.275420977366718,,1343.7275424992033,682.6135915895953,2004.8414934088114
config_search_v1,expert-seq256-bt8192-chunk,,L1,measured,succeeded,0,0,131072.0,8192.0,32,256,8192,true,0.005072299040556471,,622.4195551129759,4.85,qwen2.5-7b-h100-config-search-v1,expert-baseline,,2026-08-04T23:25:40.037552+00:00,1,configuration-search,,3059.557,373.4810791015625,,,373.4810791015625,,,21.969475241268384,,persistent-vllm-sandbox,0.0,,,0,0.3734810791015625,0.021969475241268382,bfloat16,2406.89,11.9,11.9,895.41,4915.58623900346,64,1688.08,2335.89,7.47,12.49,923.61,2574.69,9.29,17.12,1492.4,2590.71,181.49,17.4,1562.79,1,700.0,bfloat16,false,,inf,13.19,policy_v1,experiments/results/config-search-v1-replay-corpus.jsonl,64.0,experiments/results/config-search-v1-telemetry/expert-seq256-bt8192-chunk-seed0-20260804T232520917197Z.dcgm.txt,1,1688.08,,,,28697.33,17.12,,,18260.276546003297,1492.4,,
config_search_v1,expert-seq256-bt8192-chunk,,L4,verified,succeeded,0,0,524288.0,32768.0,32,256,8192,true,0.00952153775416567,,641.5796936324844,18.93,qwen2.5-7b-h100-config-search-v1,expert-baseline,,2026-08-04T23:26:15.486504+00:00,1,configuration-search,,12184.161,371.8310852050781,,,371.8310852050781,,,21.872416776769303,,persistent-vllm-sandbox,0.0,,,0,0.3718310852050781,0.0218724167767693,bfloat16,2358.77,12.42,12.42,781.5,18990.87692600733,256,1731.37,2352.57,7.48,12.11,814.18,2495.04,9.82,17.24,1343.6,2515.64,178.55,17.32,1495.45,1,700.0,bfloat16,false,,inf,13.53,policy_v1,experiments/results/config-search-v1-replay-corpus.jsonl,256.0,experiments/results/config-search-v1-telemetry/expert-seq256-bt8192-chunk-seed0-20260804T232540329321Z.dcgm.txt,1,1731.37,,,,29433.31,17.24,,,34277.535914996406,1343.6,,
config_search_v1,seq16-bt4096-chunk,,L4,verified,succeeded,0,0,524288.0,32768.0,32,16,4096,true,0.011192067339446415,,603.3757187313972,24.63,qwen2.5-7b-h100-config-search-v1,candidate,,2026-08-04T23:31:07.006306+00:00,1,configuration-search,,14925.552,455.49169921875,,,455.49169921875,,,26.793629365808822,,persistent-vllm-sandbox,0.0,,,0,0.45549169921875,0.026793629365808824,bfloat16,2962.97,10.8,10.8,1591.75,24736.746170994593,256,1330.32,3020.88,6.93,11.01,1596.96,3266.88,43.82,11.5,1819.12,3622.37,86.29,11.61,2329.87,1,700.0,bfloat16,false,,inf,10.39,policy_v1,experiments/results/config-search-v1-replay-corpus.jsonl,256.0,experiments/results/config-search-v1-telemetry/seq16-bt4096-chunk-seed0-20260804T233025800498Z.dcgm.txt,1,1330.32,,,,22615.4,11.5,,,40291.442422007094,1819.12,,
config_search_v1,seq16-bt4096-chunk,,L1,measured,succeeded,0,0,131072.0,8192.0,32,16,4096,true,0.005335799605555722,,607.0429617978775,6.24,qwen2.5-7b-h100-config-search-v1,candidate,,2026-08-04T23:31:27.331925+00:00,1,configuration-search,,3821.16,466.4501953125,,,466.4501953125,,,27.438246783088236,,persistent-vllm-sandbox,0.0,,,0,0.4664501953125,0.027438246783088233,bfloat16,2772.84,10.2,10.2,1476.82,6294.710985006532,64,1313.69,3038.81,6.93,10.3,1716.87,3553.29,37.24,11.55,2249.22,3651.37,86.96,11.61,2309.78,1,700.0,bfloat16,false,,inf,10.26,policy_v1,experiments/results/config-search-v1-replay-corpus.jsonl,64.0,experiments/results/config-search-v1-telemetry/seq16-bt4096-chunk-seed0-20260804T233107273758Z.dcgm.txt,1,1313.69,,,,22332.7,11.55,,,19208.8785800006,2249.22,,
config_search_v1,seq32-bt8192-chunk,,L1,measured,succeeded,0,0,131072.0,8192.0,32,32,8192,true,0.005140075524723215,,612.1012537371472,4.85,qwen2.5-7b-h100-config-search-v1,candidate,,2026-08-04T23:32:50.153366+00:00,1,configuration-search,,3005.983,366.9412841796875,,,366.9412841796875,,,21.584781422334558,,persistent-vllm-sandbox,0.0,,,0,0.3669412841796875,0.02158478142233456,bfloat16,2404.33,12.02,12.02,877.22,4910.92442900117,64,1688.72,2324.4,7.47,12.12,967.97,2574.14,9.69,17.25,1530.32,2607.94,185.92,17.6,1559.77,1,700.0,bfloat16,false,,inf,13.19,policy_v1,experiments/results/config-search-v1-replay-corpus.jsonl,64.0,experiments/results/config-search-v1-telemetry/seq32-bt8192-chunk-seed0-20260804T233230792942Z.dcgm.txt,1,1688.72,,,,28708.3,17.25,,,18504.271889003576,1530.32,,
config_search_v1,seq32-bt8192-chunk,,L4,verified,succeeded,0,0,524288.0,32768.0,32,32,8192,true,0.009395482309721249,,643.9155641529762,18.71,qwen2.5-7b-h100-config-search-v1,candidate,,2026-08-04T23:33:25.110169+00:00,1,configuration-search,,12090.653,368.9774475097656,,,368.9774475097656,,,21.704555735868567,,persistent-vllm-sandbox,0.0,,,0,0.36897744750976563,0.021704555735868568,bfloat16,2332.78,12.8,12.78,709.24,18776.767752002343,256,1751.62,2315.19,7.49,12.4,750.69,2505.08,13.32,17.39,1246.31,2517.78,183.31,17.6,1465.58,1,700.0,bfloat16,false,,inf,13.68,policy_v1,experiments/results/config-search-v1-replay-corpus.jsonl,256.0,experiments/results/config-search-v1-telemetry/seq32-bt8192-chunk-seed0-20260804T233250426433Z.dcgm.txt,1,1751.62,,,,29777.57,17.39,,,33823.736314996495,1246.31,,
config_search_v1,seq8-bt4096-chunk,,L4,verified,succeeded,0,0,524288.0,32768.0,32,8,4096,true,0.014579121883054743,,549.1623727089764,36.71,qwen2.5-7b-h100-config-search-v1,candidate,,2026-08-04T23:35:21.929315+00:00,1,configuration-search,,20195.939,616.3311462402344,,,616.3311462402344,,,36.25477330824908,,persistent-vllm-sandbox,0.0,,,0,0.6163311462402343,0.036254773308249076,bfloat16,4378.53,8.31,8.31,3322.67,36775.89726400038,256,892.69,4558.8,6.55,8.31,3502.57,4620.63,12.59,8.61,3569.85,4891.53,44.62,8.66,3854.15,1,700.0,bfloat16,false,,inf,6.97,policy_v1,experiments/results/config-search-v1-replay-corpus.jsonl,256.0,experiments/results/config-search-v1-telemetry/seq8-bt4096-chunk-seed0-20260804T233428564269Z.dcgm.txt,1,892.69,,,,15175.76,8.61,,,52484.83877899707,3569.85,,
config_search_v1,seq8-bt4096-chunk,,L1,measured,succeeded,0,0,131072.0,8192.0,32,8,4096,true,0.006174752270554664,,551.6717968472356,9.32,qwen2.5-7b-h100-config-search-v1,candidate,,2026-08-04T23:35:45.273540+00:00,1,configuration-search,,5181.361,632.4903564453125,,,632.4903564453125,,,37.205315085018384,,persistent-vllm-sandbox,0.0,,,0,0.6324903564453125,0.037205315085018384,bfloat16,3822.89,8.14,8.14,2789.52,9392.107824998675,64,878.75,4562.06,6.55,8.29,3496.82,4839.52,8.02,8.64,3781.98,4932.73,45.06,8.66,3919.3,1,700.0,bfloat16,false,,inf,6.87,policy_v1,experiments/results/config-search-v1-replay-corpus.jsonl,64.0,experiments/results/config-search-v1-telemetry/seq8-bt4096-chunk-seed0-20260804T233522204687Z.dcgm.txt,1,878.75,,,,14938.76,8.64,,,22229.108173996792,3781.98,,
config_search_v1,seq32-bt8192-nochunk,,L1,measured,succeeded,0,0,131072.0,8192.0,32,32,8192,false,0.005080191338331335,,616.0399883869263,4.83,qwen2.5-7b-h100-config-search-v1,candidate,,2026-08-04T23:37:07.935950+00:00,1,configuration-search,,3012.519,367.7391357421875,,,367.7391357421875,,,21.6317138671875,,persistent-vllm-sandbox,0.0,,,0,0.3677391357421875,0.0216317138671875,bfloat16,2390.35,12.42,12.42,812.44,4890.135473004193,64,1697.8,2315.57,7.47,12.44,877.76,2570.89,12.86,17.07,1430.66,2699.02,140.02,17.37,1557.21,1,700.0,bfloat16,false,,inf,13.26,policy_v1,experiments/results/config-search-v1-replay-corpus.jsonl,64.0,experiments/results/config-search-v1-telemetry/seq32-bt8192-nochunk-seed0-20260804T233648761114Z.dcgm.txt,1,1697.8,,,,28862.68,17.07,,,18288.688817992806,1430.66,,
config_search_v1,seq32-bt8192-nochunk,,L4,verified,succeeded,0,0,524288.0,32768.0,32,32,8192,false,0.009444247846945978,,638.189526535561,18.82,qwen2.5-7b-h100-config-search-v1,candidate,,2026-08-04T23:37:43.076612+00:00,1,configuration-search,,12079.883,368.6487731933594,,,368.6487731933594,,,21.685221952550553,,persistent-vllm-sandbox,0.0,,,0,0.36864877319335937,0.02168522195255055,bfloat16,2318.12,13.4,13.4,616.79,18928.362966995337,256,1740.76,2314.98,7.49,13.72,538.92,2581.69,41.11,17.17,1183.77,2677.65,138.12,17.44,1449.0,1,700.0,bfloat16,false,,inf,13.6,policy_v1,experiments/results/config-search-v1-replay-corpus.jsonl,256.0,experiments/results/config-search-v1-telemetry/seq32-bt8192-nochunk-seed0-20260804T233708200991Z.dcgm.txt,1,1740.76,,,,29592.93,17.17,,,33999.29224900552,1183.77,,
config_search_v1,seq32-bt2048-chunk,,L4,verified,succeeded,0,0,524288.0,32768.0,32,32,2048,true,0.009526886418332449,,652.3452520142225,18.35,qwen2.5-7b-h100-config-search-v1,candidate,,2026-08-04T23:39:21.654016+00:00,1,configuration-search,,12049.442,367.71978759765625,,,367.71978759765625,,,21.6305757410386,,persistent-vllm-sandbox,0.0,,,0,0.3677197875976562,0.0216305757410386,bfloat16,2279.1,15.03,15.03,370.73,18470.958381003584,256,1785.63,2281.06,7.5,15.36,306.13,3016.73,48.13,16.77,1053.56,3510.29,52.46,17.02,1532.56,1,700.0,bfloat16,false,,inf,13.95,policy_v1,experiments/results/config-search-v1-replay-corpus.jsonl,256.0,experiments/results/config-search-v1-telemetry/seq32-bt2048-chunk-seed0-20260804T233846496899Z.dcgm.txt,1,1785.63,,,,30355.74,16.77,,,34296.79110599682,1053.56,,
config_search_v1,seq32-bt2048-chunk,,L1,measured,succeeded,0,0,131072.0,8192.0,32,32,2048,true,0.00497646512361017,,631.0306762549803,4.78,qwen2.5-7b-h100-config-search-v1,candidate,,2026-08-04T23:39:40.695656+00:00,1,configuration-search,,3082.912,376.33203125,,,376.33203125,,,22.13717830882353,,persistent-vllm-sandbox,0.0,,,0,0.37633203125,0.02213717830882353,bfloat16,2332.73,13.68,13.68,595.47,4885.518431998207,64,1714.26,2242.43,7.49,15.08,342.45,3407.15,47.95,16.57,1475.74,3523.89,51.18,16.75,1577.14,1,700.0,bfloat16,false,,inf,13.39,policy_v1,experiments/results/config-search-v1-replay-corpus.jsonl,64.0,experiments/results/config-search-v1-telemetry/seq32-bt2048-chunk-seed0-20260804T233921926021Z.dcgm.txt,1,1714.26,,,,29142.41,16.57,,,17915.274444996612,1475.74,,
config_search_v1,seq32-bt4096-chunk,,L1,measured,succeeded,0,0,131072.0,8192.0,32,32,4096,true,0.005169517153335619,,601.1280235074257,5.06,qwen2.5-7b-h100-config-search-v1,candidate,,2026-08-04T23:41:03.628448+00:00,1,configuration-search,,3109.644,379.59521484375,,,379.59521484375,,,22.32913028492647,,persistent-vllm-sandbox,0.0,,,0,0.37959521484375,0.02232913028492647,bfloat16,2382.93,13.91,13.91,616.96,5173.014530009823,64,1618.5,2343.8,7.49,15.27,382.8,3400.7,87.91,17.21,1443.56,3522.45,102.17,17.52,1551.7,1,700.0,bfloat16,false,,inf,12.64,policy_v1,experiments/results/config-search-v1-replay-corpus.jsonl,64.0,experiments/results/config-search-v1-telemetry/seq32-bt4096-chunk-seed0-20260804T234044148550Z.dcgm.txt,1,1618.5,,,,27514.58,17.21,,,18610.261752008228,1443.56,,
config_search_v1,seq32-bt4096-chunk,,L4,verified,succeeded,0,0,524288.0,32768.0,32,32,4096,true,0.009374317511946072,,647.8277266891466,18.66,qwen2.5-7b-h100-config-search-v1,candidate,,2026-08-04T23:41:38.544991+00:00,1,configuration-search,,12129.554,370.16461181640625,,,370.16461181640625,,,21.774388930376837,,persistent-vllm-sandbox,0.0,,,0,0.37016461181640625,0.021774388930376837,bfloat16,2324.0,14.27,14.27,511.52,18723.425226009567,256,1755.88,2307.5,7.5,13.95,538.75,2713.0,87.55,17.42,987.27,3014.99,96.08,17.54,1477.86,1,700.0,bfloat16,false,,inf,13.72,policy_v1,experiments/results/config-search-v1-replay-corpus.jsonl,256.0,experiments/results/config-search-v1-telemetry/seq32-bt4096-chunk-seed0-20260804T234103935732Z.dcgm.txt,1,1755.88,,,,29850.01,17.42,,,33747.54304300586,987.27,,
config_search_v1,seq8-bt2048-chunk,,L4,verified,succeeded,0,0,524288.0,32768.0,32,8,2048,true,0.014643261008330025,,549.3191140181245,36.99,qwen2.5-7b-h100-config-search-v1,candidate,,2026-08-04T23:43:35.624828+00:00,1,configuration-search,,20354.281,621.1633605957031,,,621.1633605957031,,,36.53902121151195,,persistent-vllm-sandbox,0.0,,,0,0.6211633605957031,0.036539021211511945,bfloat16,4411.19,8.2,8.2,3370.38,37053.65511699347,256,885.87,4596.02,6.55,8.09,3545.58,4601.9,13.25,8.59,3587.85,4915.39,45.12,8.61,3904.06,1,700.0,bfloat16,false,,inf,6.92,policy_v1,experiments/results/config-search-v1-replay-corpus.jsonl,256.0,experiments/results/config-search-v1-telemetry/seq8-bt2048-chunk-seed0-20260804T234242028986Z.dcgm.txt,1,885.87,,,,15059.86,8.59,,,52715.73962998809,3587.85,,
config_search_v1,seq8-bt2048-chunk,,L1,measured,succeeded,0,0,131072.0,8192.0,32,8,2048,true,0.0062156755174995245,,546.3217698921366,9.34,qwen2.5-7b-h100-config-search-v1,candidate,,2026-08-04T23:43:59.125232+00:00,1,configuration-search,,5141.174,627.584716796875,,,627.584716796875,,,36.916748046875,,persistent-vllm-sandbox,0.0,,,0,0.627584716796875,0.036916748046875,bfloat16,3826.05,8.1,8.1,2797.32,9410.523767000996,64,876.91,4584.52,6.55,8.03,3517.31,4825.17,12.13,8.57,3811.62,4938.98,45.2,8.59,3909.21,1,700.0,bfloat16,false,,inf,6.85,policy_v1,experiments/results/config-search-v1-replay-corpus.jsonl,64.0,experiments/results/config-search-v1-telemetry/seq8-bt2048-chunk-seed0-20260804T234335906097Z.dcgm.txt,1,876.91,,,,14907.49,8.57,,,22376.431862998288,3811.62,,
config_search_v1,seq16-bt8192-chunk,,L1,measured,succeeded,0,0,131072.0,8192.0,32,16,8192,true,0.00556205602083436,,572.0518407964018,6.54,qwen2.5-7b-h100-config-search-v1,candidate,,2026-08-04T23:45:23.447384+00:00,1,configuration-search,,3778.906,461.292236328125,,,461.292236328125,,,27.134837431066178,,persistent-vllm-sandbox,0.0,,,0,0.461292236328125,0.027134837431066178,bfloat16,2802.61,9.92,9.92,1542.36,6605.880325005273,64,1252.52,3030.32,6.92,9.67,1762.68,3451.14,8.85,11.58,2280.54,3572.41,133.79,11.59,2351.31,1,700.0,bfloat16,false,,inf,9.79,policy_v1,experiments/results/config-search-v1-replay-corpus.jsonl,64.0,experiments/results/config-search-v1-telemetry/seq16-bt8192-chunk-seed0-20260804T234502529394Z.dcgm.txt,1,1252.52,,,,21292.83,11.58,,,20023.401675003697,2280.54,,
config_search_v1,seq16-bt8192-chunk,,L4,verified,succeeded,0,0,524288.0,32768.0,32,16,8192,true,0.011006348513332745,,605.6312113557816,24.55,qwen2.5-7b-h100-config-search-v1,candidate,,2026-08-04T23:46:04.289124+00:00,1,configuration-search,,14927.698,455.55718994140625,,,455.55718994140625,,,26.797481761259192,,persistent-vllm-sandbox,0.0,,,0,0.45555718994140626,0.026797481761259193,bfloat16,2979.48,10.24,10.23,1680.1,24648.164956000983,256,1334.94,3046.0,6.92,10.03,1771.62,3246.83,12.01,11.58,1967.55,3512.23,125.85,11.62,2318.45,1,700.0,bfloat16,false,,inf,10.43,policy_v1,experiments/results/config-search-v1-replay-corpus.jsonl,256.0,experiments/results/config-search-v1-telemetry/seq16-bt8192-chunk-seed0-20260804T234523737491Z.dcgm.txt,1,1334.94,,,,22694.04,11.58,,,39622.85464799788,1967.55,,
config_search_v1,seq8-bt4096-nochunk,,L4,verified,succeeded,0,0,524288.0,32768.0,32,8,4096,false,0.014600811403611766,,546.2207012964361,36.99,qwen2.5-7b-h100-config-search-v1,candidate,,2026-08-04T23:48:01.192198+00:00,1,configuration-search,,20243.674,617.7879028320312,,,617.7879028320312,,,36.340464872472424,,persistent-vllm-sandbox,0.0,,,0,0.6177879028320312,0.036340464872472424,bfloat16,4382.79,8.38,8.38,3319.11,37061.34526200185,256,885.82,4566.25,6.57,8.33,3507.72,4574.17,14.01,8.61,3520.4,4864.54,44.83,8.63,3811.63,1,700.0,bfloat16,false,,inf,6.92,policy_v1,experiments/results/config-search-v1-replay-corpus.jsonl,256.0,experiments/results/config-search-v1-telemetry/seq8-bt4096-nochunk-seed0-20260804T234707776702Z.dcgm.txt,1,885.82,,,,15058.87,8.61,,,52562.921053002356,3520.4,,
config_search_v1,seq8-bt4096-nochunk,,L1,measured,succeeded,0,0,131072.0,8192.0,32,8,4096,false,0.006215315381111092,,545.2676562526195,9.28,qwen2.5-7b-h100-config-search-v1,candidate,,2026-08-04T23:48:24.723145+00:00,1,configuration-search,,5114.817,624.3673095703125,,,624.3673095703125,,,36.727488798253674,,persistent-vllm-sandbox,0.0,,,0,0.6243673095703125,0.036727488798253674,bfloat16,3796.92,8.27,8.27,2746.63,9380.378500994993,64,883.15,4557.13,6.56,8.31,3481.95,4787.71,12.71,8.6,3735.45,4898.45,44.4,8.61,3846.68,1,700.0,bfloat16,false,,inf,6.9,policy_v1,experiments/results/config-search-v1-replay-corpus.jsonl,64.0,experiments/results/config-search-v1-telemetry/seq8-bt4096-nochunk-seed0-20260804T234801469757Z.dcgm.txt,1,883.15,,,,15013.6,8.6,,,22375.13537199993,3735.45,,
config_search_v1,seq8-bt8192-chunk,,L1,measured,succeeded,0,0,131072.0,8192.0,32,8,8192,true,0.006337943707779535,,535.0907278891036,9.43,qwen2.5-7b-h100-config-search-v1,candidate,,2026-08-04T23:49:51.932962+00:00,1,configuration-search,,5076.193,619.6524658203125,,,619.6524658203125,,,36.450145048253674,,persistent-vllm-sandbox,0.0,,,0,0.6196524658203125,0.036450145048253675,bfloat16,3847.89,7.76,7.76,2862.26,9486.60243100312,64,869.14,4615.34,6.56,8.01,3555.79,4855.47,7.19,8.71,3838.12,4867.97,42.1,8.75,3960.78,1,700.0,bfloat16,false,,inf,6.79,policy_v1,experiments/results/config-search-v1-replay-corpus.jsonl,64.0,experiments/results/config-search-v1-telemetry/seq8-bt8192-chunk-seed0-20260804T234928228611Z.dcgm.txt,1,869.14,,,,14775.36,8.71,,,22816.597348006326,3838.12,,
config_search_v1,seq8-bt8192-chunk,,L4,verified,succeeded,0,0,524288.0,32768.0,32,8,8192,true,0.014604727744444972,,546.7275389633816,37.14,qwen2.5-7b-h100-config-search-v1,candidate,,2026-08-04T23:50:45.635470+00:00,1,configuration-search,,20367.341,621.5619201660156,,,621.5619201660156,,,36.56246589211857,,persistent-vllm-sandbox,0.0,,,0,0.6215619201660156,0.03656246589211857,bfloat16,4427.17,7.82,7.82,3433.71,37253.182889995514,256,882.29,4628.59,6.56,8.02,3607.72,4635.12,7.17,8.72,3726.42,4797.63,42.92,8.74,3830.74,1,700.0,bfloat16,false,,inf,6.89,policy_v1,experiments/results/config-search-v1-replay-corpus.jsonl,256.0,experiments/results/config-search-v1-telemetry/seq8-bt8192-chunk-seed0-20260804T234952213002Z.dcgm.txt,1,882.29,,,,14998.98,8.72,,,52577.0198800019,3726.42,,
config_search_v1,seq16-bt2048-chunk,,L4,verified,succeeded,0,0,524288.0,32768.0,32,16,2048,true,0.011135871553055444,,608.2753872003609,24.27,qwen2.5-7b-h100-config-search-v1,candidate,,2026-08-04T23:52:30.049121+00:00,1,configuration-search,,14806.861,451.8695373535156,,,451.8695373535156,,,26.580561020795038,,persistent-vllm-sandbox,0.0,,,0,0.45186953735351565,0.02658056102079504,bfloat16,2948.6,10.79,10.78,1578.94,24342.36418499495,256,1349.97,3012.27,6.94,10.81,1638.51,3175.02,44.26,11.38,1767.51,3595.47,47.06,11.4,2223.54,1,700.0,bfloat16,false,,inf,10.55,policy_v1,experiments/results/config-search-v1-replay-corpus.jsonl,256.0,experiments/results/config-search-v1-telemetry/seq16-bt2048-chunk-seed0-20260804T235149100570Z.dcgm.txt,1,1349.97,,,,22949.54,11.38,,,40089.1375909996,1767.51,,
config_search_v1,seq16-bt2048-chunk,,L1,measured,succeeded,0,0,131072.0,8192.0,32,16,2048,true,0.005362852961665744,,597.5479512514723,6.21,qwen2.5-7b-h100-config-search-v1,candidate,,2026-08-04T23:52:50.525933+00:00,1,configuration-search,,3777.163,461.0794677734375,,,461.0794677734375,,,27.122321633731616,,persistent-vllm-sandbox,0.0,,,0,0.4610794677734375,0.027122321633731617,bfloat16,2759.2,10.41,10.41,1437.28,6321.104426999227,64,1319.38,3014.21,6.94,10.81,1644.98,3574.23,43.91,11.39,2199.07,3688.74,47.1,11.41,2300.78,1,700.0,bfloat16,false,,inf,10.31,policy_v1,experiments/results/config-search-v1-replay-corpus.jsonl,64.0,experiments/results/config-search-v1-telemetry/seq16-bt2048-chunk-seed0-20260804T235230348172Z.dcgm.txt,1,1319.38,,,,22429.51,11.39,,,19306.270661996678,2199.07,,
config_search_v1,seq8-bt4096-chunk,,L4,verified,succeeded,1,1,524288.0,32768.0,32,8,4096,true,0.014513086058889004,,547.849347646786,36.92,qwen2.5-7b-h100-config-search-v1,candidate,,2026-08-04T23:54:47.073062+00:00,1,configuration-search,,20260.971,618.3157653808594,,,618.3157653808594,,,36.37151561063879,,persistent-vllm-sandbox,0.0,,,0,0.6183157653808594,0.03637151561063879,bfloat16,4375.24,8.33,8.33,3317.74,36982.74185600167,256,887.58,4555.34,6.55,8.31,3499.78,4628.36,12.87,8.6,3568.35,4866.32,44.47,8.68,3830.4,1,700.0,bfloat16,false,,inf,6.93,policy_v1,experiments/results/config-search-v1-replay-corpus.jsonl,256.0,experiments/results/config-search-v1-telemetry/seq8-bt4096-chunk-seed1-20260804T235353964951Z.dcgm.txt,1,887.58,,,,15088.78,8.6,,,52247.10981200042,3568.35,,
config_search_v1,seq8-bt4096-chunk,,L1,measured,succeeded,1,1,131072.0,8192.0,32,8,4096,true,0.006226054263885695,,544.4221082970068,9.34,qwen2.5-7b-h100-config-search-v1,candidate,,2026-08-04T23:55:10.645044+00:00,1,configuration-search,,5115.964,624.50732421875,,,624.50732421875,,,36.735724954044116,,persistent-vllm-sandbox,0.0,,,0,0.62450732421875,0.03673572495404412,bfloat16,3826.25,8.15,8.15,2791.57,9397.054090994061,64,877.52,4566.99,6.55,8.29,3499.16,4845.57,11.39,8.66,3789.06,4943.2,44.76,8.68,3925.05,1,700.0,bfloat16,false,,inf,6.86,policy_v1,experiments/results/config-search-v1-replay-corpus.jsonl,64.0,experiments/results/config-search-v1-telemetry/seq8-bt4096-chunk-seed1-20260804T235447346049Z.dcgm.txt,1,877.52,,,,14917.86,8.66,,,22413.795349988504,3789.06,,
config_search_v1,seq32-bt8192-chunk,,L1,measured,succeeded,1,1,131072.0,8192.0,32,32,8192,true,0.005119149745559197,,614.9875134360979,4.84,qwen2.5-7b-h100-config-search-v1,candidate,,2026-08-04T23:56:33.460893+00:00,1,configuration-search,,3018.97,368.526611328125,,,368.526611328125,,,21.678035960477942,,persistent-vllm-sandbox,0.0,,,0,0.368526611328125,0.02167803596047794,bfloat16,2400.22,12.0,12.0,876.7,4908.993977995124,64,1692.42,2322.83,7.47,12.49,916.21,2561.26,9.04,17.12,1475.07,2575.54,185.26,17.52,1547.18,1,700.0,bfloat16,false,,inf,13.22,policy_v1,experiments/results/config-search-v1-replay-corpus.jsonl,64.0,experiments/results/config-search-v1-telemetry/seq32-bt8192-chunk-seed1-20260804T235614155934Z.dcgm.txt,1,1692.42,,,,28771.16,17.12,,,18428.93908401311,1475.07,,
config_search_v1,seq32-bt8192-chunk,,L4,verified,succeeded,1,1,524288.0,32768.0,32,32,8192,true,0.009534632504445553,,640.2722371207915,18.88,qwen2.5-7b-h100-config-search-v1,candidate,,2026-08-04T23:57:08.940240+00:00,1,configuration-search,,12137.524,370.4078369140625,,,370.4078369140625,,,21.7886962890625,,persistent-vllm-sandbox,0.0,,,0,0.3704078369140625,0.0217886962890625,bfloat16,2353.98,12.45,12.44,774.07,18956.817579004564,256,1735.15,2352.55,7.48,12.18,810.35,2492.66,10.47,17.27,1344.15,2502.88,179.27,17.58,1444.62,1,700.0,bfloat16,false,,inf,13.56,policy_v1,experiments/results/config-search-v1-replay-corpus.jsonl,256.0,experiments/results/config-search-v1-telemetry/seq32-bt8192-chunk-seed1-20260804T235633741206Z.dcgm.txt,1,1735.15,,,,29497.56,17.27,,,34324.67701600399,1344.15,,
config_search_v1,seq16-bt4096-chunk,,L4,verified,succeeded,1,1,524288.0,32768.0,32,16,4096,true,0.011191426793609733,,606.3042698867799,24.41,qwen2.5-7b-h100-config-search-v1,candidate,,2026-08-04T23:58:53.623987+00:00,1,configuration-search,,14867.131,453.7088317871094,,,453.7088317871094,,,26.688754811006433,,persistent-vllm-sandbox,0.0,,,0,0.45370883178710936,0.026688754811006434,bfloat16,2964.46,10.78,10.78,1595.37,24520.907634010655,256,1342.49,3018.75,6.94,11.03,1599.12,3304.1,43.84,11.51,1850.32,3659.31,86.84,11.62,2362.71,1,700.0,bfloat16,false,,inf,10.49,policy_v1,experiments/results/config-search-v1-replay-corpus.jsonl,256.0,experiments/results/config-search-v1-telemetry/seq16-bt4096-chunk-seed1-20260804T235812449188Z.dcgm.txt,1,1342.49,,,,22822.41,11.51,,,40289.13645699504,1850.32,,
config_search_v1,seq16-bt4096-chunk,,L1,measured,succeeded,1,1,131072.0,8192.0,32,16,4096,true,0.005359365945001224,,599.0996771274907,6.25,qwen2.5-7b-h100-config-search-v1,candidate,,2026-08-04T23:59:14.035738+00:00,1,configuration-search,,3811.043,465.2152099609375,,,465.2152099609375,,,27.3656005859375,,persistent-vllm-sandbox,0.0,,,0,0.4652152099609375,0.0273656005859375,bfloat16,2779.39,10.22,10.22,1481.79,6361.283681995701,64,1310.95,3042.33,6.94,10.3,1723.13,3564.32,36.05,11.56,2254.68,3662.82,87.6,11.65,2314.48,1,700.0,bfloat16,false,,inf,10.24,policy_v1,experiments/results/config-search-v1-replay-corpus.jsonl,64.0,experiments/results/config-search-v1-telemetry/seq16-bt4096-chunk-seed1-20260804T235853898342Z.dcgm.txt,1,1310.95,,,,22286.17,11.56,,,19293.717402004404,2254.68,,
config_search_v1,expert-seq256-bt8192-chunk,,L1,measured,succeeded,1,1,131072.0,8192.0,32,256,8192,true,0.005101546974724948,,629.2085648158351,4.86,qwen2.5-7b-h100-config-search-v1,expert-baseline,,2026-08-05T00:00:41.940921+00:00,1,configuration-search,,3071.421,374.9293212890625,,,374.9293212890625,,,22.05466595818015,,persistent-vllm-sandbox,0.0,,,0,0.3749293212890625,0.022054665958180147,bfloat16,2412.13,11.91,11.91,899.26,4881.403673993191,64,1685.13,2333.05,7.47,12.5,931.24,2583.16,9.2,17.14,1498.3,2599.07,184.53,17.54,1569.6,1,700.0,bfloat16,false,,inf,13.17,policy_v1,experiments/results/config-search-v1-replay-corpus.jsonl,64.0,experiments/results/config-search-v1-telemetry/expert-seq256-bt8192-chunk-seed1-20260805T000022673070Z.dcgm.txt,1,1685.13,,,,28647.14,17.14,,,18365.56910900981,1498.3,,
config_search_v1,expert-seq256-bt8192-chunk,,L4,verified,succeeded,1,1,524288.0,32768.0,32,256,8192,true,0.009434971884167883,,643.448494711445,18.79,qwen2.5-7b-h100-config-search-v1,expert-baseline,,2026-08-05T00:01:17.051840+00:00,1,configuration-search,,12161.27,371.13250732421875,,,371.13250732421875,,,21.831323960248163,,persistent-vllm-sandbox,0.0,,,0,0.37113250732421876,0.021831323960248162,bfloat16,2342.61,12.78,12.78,719.49,18900.145232997602,256,1744.19,2332.2,7.48,12.58,711.74,2551.62,11.55,17.25,1328.61,2882.0,179.26,17.59,1462.77,1,700.0,bfloat16,false,,inf,13.63,policy_v1,experiments/results/config-search-v1-replay-corpus.jsonl,256.0,experiments/results/config-search-v1-telemetry/expert-seq256-bt8192-chunk-seed1-20260805T000042221778Z.dcgm.txt,1,1744.19,,,,29651.18,17.25,,,33965.89878300438,1328.61,,
config_search_v1,seq16-bt2048-chunk,,L4,verified,succeeded,1,1,524288.0,32768.0,32,16,2048,true,0.011156286003889465,,606.0910439283113,24.41,qwen2.5-7b-h100-config-search-v1,candidate,,2026-08-05T00:03:01.631724+00:00,1,configuration-search,,14862.339,453.5625915527344,,,453.5625915527344,,,26.68015244427849,,persistent-vllm-sandbox,0.0,,,0,0.4535625915527344,0.02668015244427849,bfloat16,2963.61,10.79,10.79,1592.75,24521.627812995575,256,1342.46,3016.2,6.94,10.83,1640.45,3290.03,44.48,11.4,1882.52,3716.69,47.63,11.44,2337.83,1,700.0,bfloat16,false,,inf,10.49,policy_v1,experiments/results/config-search-v1-replay-corpus.jsonl,256.0,experiments/results/config-search-v1-telemetry/seq16-bt2048-chunk-seed1-20260805T000220593505Z.dcgm.txt,1,1342.46,,,,22821.78,11.4,,,40162.62961400207,1882.52,,
config_search_v1,seq16-bt2048-chunk,,L1,measured,succeeded,1,1,131072.0,8192.0,32,16,2048,true,0.005337719176944423,,602.8970381162618,6.2,qwen2.5-7b-h100-config-search-v1,candidate,,2026-08-05T00:03:22.041413+00:00,1,configuration-search,,3780.294,461.461669921875,,,461.461669921875,,,27.14480411305147,,persistent-vllm-sandbox,0.0,,,0,0.461461669921875,0.02714480411305147,bfloat16,2756.61,10.39,10.39,1437.62,6270.214913995005,64,1320.72,3007.52,6.93,10.8,1642.27,3574.11,44.11,11.36,2200.2,3685.26,47.06,11.43,2301.43,1,700.0,bfloat16,false,,inf,10.32,policy_v1,experiments/results/config-search-v1-replay-corpus.jsonl,64.0,experiments/results/config-search-v1-telemetry/seq16-bt2048-chunk-seed1-20260805T000301916956Z.dcgm.txt,1,1320.72,,,,22452.31,11.36,,,19215.789036999922,2200.2,,
config_search_v1,seq8-bt8192-chunk,,L1,measured,succeeded,1,1,131072.0,8192.0,32,8,8192,true,0.006382448973611948,,533.6203929329092,9.4,qwen2.5-7b-h100-config-search-v1,candidate,,2026-08-05T00:04:49.364820+00:00,1,configuration-search,,5050.623,616.5311279296875,,,616.5311279296875,,,36.26653693704044,,persistent-vllm-sandbox,0.0,,,0,0.6165311279296875,0.03626653693704044,bfloat16,3836.34,7.75,7.75,2852.25,9464.823809001246,64,871.57,4612.7,6.54,7.99,3548.46,4838.14,7.09,8.71,3816.73,4849.2,43.24,8.73,3942.87,1,700.0,bfloat16,false,,inf,6.81,policy_v1,experiments/results/config-search-v1-replay-corpus.jsonl,64.0,experiments/results/config-search-v1-telemetry/seq8-bt8192-chunk-seed1-20260805T000425525109Z.dcgm.txt,1,871.57,,,,14816.61,8.71,,,22976.816305003013,3816.73,,
config_search_v1,seq8-bt8192-chunk,,L4,verified,succeeded,1,1,524288.0,32768.0,32,8,8192,true,0.014564839601112503,,544.7557882968025,37.15,qwen2.5-7b-h100-config-search-v1,candidate,,2026-08-05T00:05:42.987810+00:00,1,configuration-search,,20295.237,619.3614807128906,,,619.3614807128906,,,36.43302827722886,,persistent-vllm-sandbox,0.0,,,0,0.6193614807128907,0.036433028277228864,bfloat16,4427.18,7.82,7.82,3434.55,37255.66104300378,256,882.12,4623.82,6.55,8.01,3603.72,4630.1,7.13,8.72,3724.61,4834.85,43.55,8.73,3867.78,1,700.0,bfloat16,false,,inf,6.89,policy_v1,experiments/results/config-search-v1-replay-corpus.jsonl,256.0,experiments/results/config-search-v1-telemetry/seq8-bt8192-chunk-seed1-20260805T000449666516Z.dcgm.txt,1,882.12,,,,14996.11,8.72,,,52433.42256400501,3724.61,,
config_search_v1,seq8-bt4096-nochunk,,L4,verified,succeeded,1,1,524288.0,32768.0,32,8,4096,false,0.014574494691947217,,549.6753542285618,36.69,qwen2.5-7b-h100-config-search-v1,candidate,,2026-08-05T00:07:39.919009+00:00,1,configuration-search,,20208.1,616.7022705078125,,,616.7022705078125,,,36.276604147518384,,persistent-vllm-sandbox,0.0,,,0,0.6167022705078125,0.036276604147518376,bfloat16,4375.46,8.34,8.34,3316.03,36763.70032700652,256,893.03,4558.5,6.56,8.31,3501.65,4567.23,13.22,8.6,3514.36,4874.76,44.71,8.61,3826.76,1,700.0,bfloat16,false,,inf,6.98,policy_v1,experiments/results/config-search-v1-replay-corpus.jsonl,256.0,experiments/results/config-search-v1-telemetry/seq8-bt4096-nochunk-seed1-20260805T000646581255Z.dcgm.txt,1,893.03,,,,15181.43,8.6,,,52468.18089100998,3514.36,,
config_search_v1,seq8-bt4096-nochunk,,L1,measured,succeeded,1,1,131072.0,8192.0,32,8,4096,false,0.006205644129719682,,546.3673211023546,9.28,qwen2.5-7b-h100-config-search-v1,candidate,,2026-08-05T00:08:03.421158+00:00,1,configuration-search,,5111.11,623.914794921875,,,623.914794921875,,,36.70087028952206,,persistent-vllm-sandbox,0.0,,,0,0.623914794921875,0.036700870289522056,bfloat16,3798.95,8.26,8.26,2750.27,9354.713949011057,64,882.96,4555.23,6.56,8.3,3482.02,4796.21,12.09,8.59,3744.84,4908.22,43.85,8.6,3854.51,1,700.0,bfloat16,false,,inf,6.9,policy_v1,experiments/results/config-search-v1-replay-corpus.jsonl,64.0,experiments/results/config-search-v1-telemetry/seq8-bt4096-nochunk-seed1-20260805T000740197225Z.dcgm.txt,1,882.96,,,,15010.24,8.59,,,22340.318866990856,3744.84,,
config_search_v1,seq16-bt8192-chunk,,L1,measured,succeeded,1,1,131072.0,8192.0,32,16,8192,true,0.00557848591749967,,582.0525137778128,6.33,qwen2.5-7b-h100-config-search-v1,candidate,,2026-08-05T00:09:27.949562+00:00,1,configuration-search,,3725.627,454.7884521484375,,,454.7884521484375,,,26.752261891084558,,persistent-vllm-sandbox,0.0,,,0,0.4547884521484375,0.02675226189108456,bfloat16,2809.57,9.76,9.74,1572.63,6400.843415001873,64,1293.9,3052.34,6.92,9.72,1790.48,3548.48,8.04,11.33,2352.09,3567.26,128.5,11.41,2371.54,1,700.0,bfloat16,false,,inf,10.11,policy_v1,experiments/results/config-search-v1-replay-corpus.jsonl,64.0,experiments/results/config-search-v1-telemetry/seq16-bt8192-chunk-seed1-20260805T000906988712Z.dcgm.txt,1,1293.9,,,,21996.37,11.33,,,20082.549302998814,2352.09,,
config_search_v1,seq16-bt8192-chunk,,L4,verified,succeeded,1,1,524288.0,32768.0,32,16,8192,true,0.011025756873888086,,605.8882830776773,24.52,qwen2.5-7b-h100-config-search-v1,candidate,,2026-08-05T00:10:08.814689+00:00,1,configuration-search,,14895.525,454.5753479003906,,,454.5753479003906,,,26.739726347081803,,persistent-vllm-sandbox,0.0,,,0,0.4545753479003906,0.0267397263470818,bfloat16,2976.63,10.23,10.23,1677.27,24584.606462987722,256,1336.41,3045.69,6.93,10.03,1770.12,3229.54,12.13,11.57,1957.98,3494.75,125.53,11.61,2302.08,1,700.0,bfloat16,false,,inf,10.44,policy_v1,experiments/results/config-search-v1-replay-corpus.jsonl,256.0,experiments/results/config-search-v1-telemetry/seq16-bt8192-chunk-seed1-20260805T000928233500Z.dcgm.txt,1,1336.41,,,,22719.01,11.57,,,39692.72474599711,1957.98,,
config_search_v1,seq8-bt2048-chunk,,L4,verified,succeeded,1,1,524288.0,32768.0,32,8,2048,true,0.014675408068332117,,549.3511366267162,37.01,qwen2.5-7b-h100-config-search-v1,candidate,,2026-08-05T00:12:05.929219+00:00,1,configuration-search,,20389.044,622.2242431640625,,,622.2242431640625,,,36.60142606847427,,persistent-vllm-sandbox,0.0,,,0,0.6222242431640626,0.03660142606847427,bfloat16,4413.76,8.2,8.2,3372.92,37114.77530600678,256,885.41,4597.48,6.55,8.08,3547.43,4603.67,13.33,8.59,3589.42,4924.03,45.19,8.61,3911.39,1,700.0,bfloat16,false,,inf,6.92,policy_v1,experiments/results/config-search-v1-replay-corpus.jsonl,256.0,experiments/results/config-search-v1-telemetry/seq8-bt2048-chunk-seed1-20260805T001112232644Z.dcgm.txt,1,885.41,,,,15051.96,8.59,,,52831.46904599562,3589.42,,
config_search_v1,seq8-bt2048-chunk,,L1,measured,succeeded,1,1,131072.0,8192.0,32,8,2048,true,0.006181647671942806,,543.1466913167773,9.33,qwen2.5-7b-h100-config-search-v1,candidate,,2026-08-05T00:12:29.324887+00:00,1,configuration-search,,5100.426,622.610595703125,,,622.610595703125,,,36.624152688419116,,persistent-vllm-sandbox,0.0,,,0,0.622610595703125,0.03662415268841912,bfloat16,3818.44,8.11,8.11,2788.43,9390.512879006565,64,878.32,4590.95,6.54,8.04,3511.0,4804.49,12.35,8.59,3791.23,4917.45,45.39,8.59,3886.61,1,700.0,bfloat16,false,,inf,6.86,policy_v1,experiments/results/config-search-v1-replay-corpus.jsonl,64.0,experiments/results/config-search-v1-telemetry/seq8-bt2048-chunk-seed1-20260805T001206216949Z.dcgm.txt,1,878.32,,,,14931.44,8.59,,,22253.931618994102,3791.23,,
config_search_v1,seq32-bt4096-chunk,,L1,measured,succeeded,1,1,131072.0,8192.0,32,32,4096,true,0.005170874443610956,,628.6781769412465,4.87,qwen2.5-7b-h100-config-search-v1,candidate,,2026-08-05T00:13:52.327287+00:00,1,configuration-search,,3072.935,375.1141357421875,,,375.1141357421875,,,22.065537396599264,,persistent-vllm-sandbox,0.0,,,0,0.3751141357421875,0.022065537396599263,bfloat16,2401.72,13.05,13.05,744.53,4887.930124998093,64,1682.98,2313.1,7.47,13.03,654.13,3136.9,86.45,17.2,1511.63,3267.17,101.47,17.43,1616.39,1,700.0,bfloat16,false,,inf,13.15,policy_v1,experiments/results/config-search-v1-replay-corpus.jsonl,64.0,experiments/results/config-search-v1-telemetry/seq32-bt4096-chunk-seed1-20260805T001332816774Z.dcgm.txt,1,1682.98,,,,28610.58,17.2,,,18615.14799699944,1511.63,,
config_search_v1,seq32-bt4096-chunk,,L4,verified,succeeded,1,1,524288.0,32768.0,32,32,4096,true,0.009376163058889992,,648.805131870541,18.65,qwen2.5-7b-h100-config-search-v1,candidate,,2026-08-05T00:14:27.256953+00:00,1,configuration-search,,12146.591,370.6845397949219,,,370.6845397949219,,,21.804972929113053,,persistent-vllm-sandbox,0.0,,,0,0.3706845397949219,0.021804972929113053,bfloat16,2323.49,14.5,14.5,482.41,18721.477995990426,256,1756.64,2305.64,7.49,14.59,448.54,2678.95,87.87,17.29,1022.04,2991.35,97.02,17.56,1495.49,1,700.0,bfloat16,false,,inf,13.72,policy_v1,experiments/results/config-search-v1-replay-corpus.jsonl,256.0,experiments/results/config-search-v1-telemetry/seq32-bt4096-chunk-seed1-20260805T001352620914Z.dcgm.txt,1,1756.64,,,,29862.82,17.29,,,33754.18701200397,1022.04,,
config_search_v1,seq32-bt2048-chunk,,L4,verified,succeeded,1,1,524288.0,32768.0,32,32,2048,true,0.009505161531669727,,650.5572867866249,18.39,qwen2.5-7b-h100-config-search-v1,candidate,,2026-08-05T00:16:05.749222+00:00,1,configuration-search,,12034.712,367.270263671875,,,367.270263671875,,,21.604133157169116,,persistent-vllm-sandbox,0.0,,,0,0.367270263671875,0.021604133157169116,bfloat16,2283.75,15.03,15.03,374.39,18499.0810869931,256,1781.79,2254.41,7.51,15.26,319.46,3004.35,47.91,16.76,1074.9,3497.49,52.58,17.02,1557.51,1,700.0,bfloat16,false,,inf,13.92,policy_v1,experiments/results/config-search-v1-replay-corpus.jsonl,256.0,experiments/results/config-search-v1-telemetry/seq32-bt2048-chunk-seed1-20260805T001530676347Z.dcgm.txt,1,1781.79,,,,30290.42,16.76,,,34218.58151401102,1074.9,,
config_search_v1,seq32-bt2048-chunk,,L1,measured,succeeded,1,1,131072.0,8192.0,32,32,2048,true,0.004947345523610744,,630.8246061112492,4.76,qwen2.5-7b-h100-config-search-v1,candidate,,2026-08-05T00:16:24.768777+00:00,1,configuration-search,,3074.548,375.31103515625,,,375.31103515625,,,22.07711971507353,,persistent-vllm-sandbox,0.0,,,0,0.37531103515625,0.022077119715073527,bfloat16,2324.86,13.73,13.73,581.26,4873.85553799686,64,1720.04,2237.43,7.5,15.16,338.39,3387.26,47.39,16.6,1450.72,3504.06,50.63,16.81,1552.45,1,700.0,bfloat16,false,,inf,13.44,policy_v1,experiments/results/config-search-v1-replay-corpus.jsonl,64.0,experiments/results/config-search-v1-telemetry/seq32-bt2048-chunk-seed1-20260805T001606048579Z.dcgm.txt,1,1720.04,,,,29240.71,16.6,,,17810.443884998676,1450.72,,
config_search_v1,seq32-bt8192-nochunk,,L1,measured,succeeded,1,1,131072.0,8192.0,32,32,8192,false,0.005106949129444224,,626.0681284132413,4.85,qwen2.5-7b-h100-config-search-v1,candidate,,2026-08-05T00:17:47.515506+00:00,1,configuration-search,,3102.154,378.680908203125,,,378.680908203125,,,22.275347541360293,,persistent-vllm-sandbox,0.0,,,0,0.378680908203125,0.022275347541360294,bfloat16,2400.31,12.39,12.39,826.8,4954.978314999607,64,1688.83,2309.72,7.47,12.41,887.02,2581.29,13.05,17.07,1442.42,2591.8,138.85,17.36,1567.69,1,700.0,bfloat16,false,,inf,13.19,policy_v1,experiments/results/config-search-v1-replay-corpus.jsonl,64.0,experiments/results/config-search-v1-telemetry/seq32-bt8192-nochunk-seed1-20260805T001728245150Z.dcgm.txt,1,1688.83,,,,28710.09,17.07,,,18385.016865999205,1442.42,,
config_search_v1,seq32-bt8192-nochunk,,L4,verified,succeeded,1,1,524288.0,32768.0,32,32,8192,false,0.009482819240555626,,641.6848389137907,18.76,qwen2.5-7b-h100-config-search-v1,candidate,,2026-08-05T00:18:22.784688+00:00,1,configuration-search,,12081.104,368.68603515625,,,368.68603515625,,,21.687413832720587,,persistent-vllm-sandbox,0.0,,,0,0.36868603515625,0.021687413832720586,bfloat16,2337.86,12.78,12.78,715.1,18827.161352994153,256,1746.28,2325.59,7.49,13.03,677.92,2502.23,14.94,17.08,1312.48,2586.75,137.31,17.44,1439.76,1,700.0,bfloat16,false,,inf,13.64,policy_v1,experiments/results/config-search-v1-replay-corpus.jsonl,256.0,experiments/results/config-search-v1-telemetry/seq32-bt8192-nochunk-seed1-20260805T001747782510Z.dcgm.txt,1,1746.28,,,,29686.72,17.08,,,34138.149266000255,1312.48,,
config_search_v1,seq16-bt8192-chunk,,L1,measured,succeeded,2,2,131072.0,8192.0,32,16,8192,true,0.0055001515425020546,,590.9023998500846,6.31,qwen2.5-7b-h100-config-search-v1,candidate,,2026-08-05T00:19:46.975576+00:00,1,configuration-search,,3763.723,459.4388427734375,,,459.4388427734375,,,27.025814280790442,,persistent-vllm-sandbox,0.0,,,0,0.4594388427734375,0.02702581428079044,bfloat16,2799.67,9.75,9.73,1563.88,6369.44950799807,64,1299.24,3034.94,6.92,9.7,1787.92,3538.0,8.15,11.49,2344.48,3559.81,126.78,11.65,2364.12,1,700.0,bfloat16,false,,inf,10.15,policy_v1,experiments/results/config-search-v1-replay-corpus.jsonl,64.0,experiments/results/config-search-v1-telemetry/seq16-bt8192-chunk-seed2-20260805T001926281975Z.dcgm.txt,1,1299.24,,,,22087.11,11.49,,,19800.545553007396,2344.48,,
config_search_v1,seq16-bt8192-chunk,,L4,verified,succeeded,2,2,524288.0,32768.0,32,16,8192,true,0.011054973536112003,,604.0890077243405,24.53,qwen2.5-7b-h100-config-search-v1,candidate,,2026-08-05T00:20:27.939627+00:00,1,configuration-search,,14882.629,454.1817932128906,,,454.1817932128906,,,26.71657607134651,,persistent-vllm-sandbox,0.0,,,0,0.45418179321289065,0.026716576071346507,bfloat16,2977.41,10.23,10.23,1678.43,24636.48371299496,256,1335.97,3045.95,6.93,10.04,1769.77,3233.07,12.11,11.59,1956.13,3500.11,125.86,11.61,2311.92,1,700.0,bfloat16,false,,inf,10.44,policy_v1,experiments/results/config-search-v1-replay-corpus.jsonl,256.0,experiments/results/config-search-v1-telemetry/seq16-bt8192-chunk-seed2-20260805T001947254123Z.dcgm.txt,1,1335.97,,,,22711.44,11.59,,,39797.90473000321,1956.13,,
config_search_v1,seq8-bt4096-nochunk,,L4,verified,succeeded,2,2,524288.0,32768.0,32,8,4096,false,0.014593216970832953,,547.958172906183,36.74,qwen2.5-7b-h100-config-search-v1,candidate,,2026-08-05T00:22:24.896072+00:00,1,configuration-search,,20171.335,615.5802917480469,,,615.5802917480469,,,36.21060539694393,,persistent-vllm-sandbox,0.0,,,0,0.6155802917480468,0.03621060539694393,bfloat16,4381.52,8.35,8.35,3320.48,36811.81520300743,256,891.81,4565.08,6.57,8.32,3507.2,4574.62,13.1,8.61,3519.24,4881.14,44.85,8.62,3825.33,1,700.0,bfloat16,false,,inf,6.97,policy_v1,experiments/results/config-search-v1-replay-corpus.jsonl,256.0,experiments/results/config-search-v1-telemetry/seq8-bt4096-nochunk-seed2-20260805T002131484484Z.dcgm.txt,1,891.81,,,,15160.74,8.61,,,52535.58109499863,3519.24,,
config_search_v1,seq8-bt4096-nochunk,,L1,measured,succeeded,2,2,131072.0,8192.0,32,8,4096,false,0.0062177457138871736,,540.0094074503578,9.29,qwen2.5-7b-h100-config-search-v1,candidate,,2026-08-05T00:22:48.483821+00:00,1,configuration-search,,5052.717,616.7867431640625,,,616.7867431640625,,,36.2815731272978,,persistent-vllm-sandbox,0.0,,,0,0.6167867431640625,0.036281573127297795,bfloat16,3803.16,8.28,8.28,2752.0,9356.7203279963,64,881.84,4564.07,6.57,8.31,3485.79,4794.63,12.56,8.62,3742.11,4909.23,44.54,8.62,3854.13,1,700.0,bfloat16,false,,inf,6.89,policy_v1,experiments/results/config-search-v1-replay-corpus.jsonl,64.0,experiments/results/config-search-v1-telemetry/seq8-bt4096-nochunk-seed2-20260805T002225198379Z.dcgm.txt,1,881.84,,,,14991.29,8.62,,,22383.884569993825,3742.11,,
config_search_v1,seq8-bt8192-chunk,,L1,measured,succeeded,2,2,131072.0,8192.0,32,8,8192,true,0.00641339564583177,,540.6079088845697,9.42,qwen2.5-7b-h100-config-search-v1,candidate,,2026-08-05T00:24:15.973757+00:00,1,configuration-search,,5130.758,626.313232421875,,,626.313232421875,,,36.84195484834559,,persistent-vllm-sandbox,0.0,,,0,0.626313232421875,0.036841954848345584,bfloat16,3849.68,7.72,7.72,2869.71,9490.719458000967,64,869.4,4619.19,6.55,8.03,3580.95,4858.99,6.88,8.4,3837.64,4869.89,76.75,8.41,3964.66,1,700.0,bfloat16,false,,inf,6.79,policy_v1,experiments/results/config-search-v1-replay-corpus.jsonl,64.0,experiments/results/config-search-v1-telemetry/seq8-bt8192-chunk-seed2-20260805T002352021270Z.dcgm.txt,1,869.4,,,,14779.86,8.4,,,23088.22432499437,3837.64,,
config_search_v1,seq8-bt8192-chunk,,L4,verified,succeeded,2,2,524288.0,32768.0,32,8,8192,true,0.014542681963054443,,548.2381841192179,37.15,qwen2.5-7b-h100-config-search-v1,candidate,,2026-08-05T00:25:09.484776+00:00,1,configuration-search,,20403.053,622.6517639160156,,,622.6517639160156,,,36.62657434800092,,persistent-vllm-sandbox,0.0,,,0,0.6226517639160156,0.03662657434800092,bfloat16,4427.36,7.82,7.82,3434.82,37215.67302499898,256,882.12,4622.32,6.55,8.02,3602.81,4634.02,7.11,8.72,3724.82,4845.74,43.0,8.74,3873.86,1,700.0,bfloat16,false,,inf,6.89,policy_v1,experiments/results/config-search-v1-replay-corpus.jsonl,256.0,experiments/results/config-search-v1-telemetry/seq8-bt8192-chunk-seed2-20260805T002416272995Z.dcgm.txt,1,882.12,,,,14996.02,8.72,,,52353.655066996,3724.82,,
config_search_v1,seq16-bt2048-chunk,,L4,verified,succeeded,2,2,524288.0,32768.0,32,16,2048,true,0.011086039659724822,,611.3603291071433,24.26,qwen2.5-7b-h100-config-search-v1,candidate,,2026-08-05T00:26:53.754495+00:00,1,configuration-search,,14894.051,454.5303649902344,,,454.5303649902344,,,26.737080293543197,,persistent-vllm-sandbox,0.0,,,0,0.45453036499023436,0.026737080293543197,bfloat16,2946.13,10.76,10.76,1579.55,24362.14829600067,256,1350.85,3003.17,6.93,10.79,1634.48,3205.95,44.19,11.35,1796.7,3634.42,46.87,11.4,2254.26,1,700.0,bfloat16,false,,inf,10.55,policy_v1,experiments/results/config-search-v1-replay-corpus.jsonl,256.0,experiments/results/config-search-v1-telemetry/seq16-bt2048-chunk-seed2-20260805T002612988699Z.dcgm.txt,1,1350.85,,,,22964.42,11.35,,,39909.74277500936,1796.7,,
config_search_v1,seq16-bt2048-chunk,,L1,measured,succeeded,2,2,131072.0,8192.0,32,16,2048,true,0.005340071641391357,,594.1866995590858,6.21,qwen2.5-7b-h100-config-search-v1,candidate,,2026-08-05T00:27:14.176527+00:00,1,configuration-search,,3749.908,457.75244140625,,,457.75244140625,,,26.92661420036765,,persistent-vllm-sandbox,0.0,,,0,0.45775244140625,0.026926614200367648,bfloat16,2758.24,10.38,10.38,1439.52,6310.992828992312,64,1319.97,3004.43,6.93,10.77,1636.78,3578.69,44.05,11.36,2213.08,3693.58,46.82,11.39,2308.87,1,700.0,bfloat16,false,,inf,10.31,policy_v1,experiments/results/config-search-v1-replay-corpus.jsonl,64.0,experiments/results/config-search-v1-telemetry/seq16-bt2048-chunk-seed2-20260805T002654049009Z.dcgm.txt,1,1319.97,,,,22439.45,11.36,,,19224.257909008884,2213.08,,
config_search_v1,expert-seq256-bt8192-chunk,,L1,measured,succeeded,2,2,131072.0,8192.0,32,256,8192,true,0.005136039351944217,,614.1360072781529,4.78,qwen2.5-7b-h100-config-search-v1,expert-baseline,,2026-08-05T00:28:42.219719+00:00,1,configuration-search,,2976.895,363.3905029296875,,,363.3905029296875,,,21.375911937040442,,persistent-vllm-sandbox,0.0,,,0,0.3633905029296875,0.021375911937040443,bfloat16,2373.39,12.24,12.24,819.34,4847.289468001691,64,1713.74,2359.4,7.48,12.0,881.86,2899.0,8.8,17.27,1484.22,3067.7,177.77,17.34,1514.65,1,700.0,bfloat16,false,,inf,13.39,policy_v1,experiments/results/config-search-v1-replay-corpus.jsonl,64.0,experiments/results/config-search-v1-telemetry/expert-seq256-bt8192-chunk-seed2-20260805T002822840003Z.dcgm.txt,1,1713.74,,,,29133.53,17.27,,,18489.74166699918,1484.22,,
config_search_v1,expert-seq256-bt8192-chunk,,L4,verified,succeeded,2,2,524288.0,32768.0,32,256,8192,true,0.009427128338332598,,640.6144300285083,18.91,qwen2.5-7b-h100-config-search-v1,expert-baseline,,2026-08-05T00:29:17.312323+00:00,1,configuration-search,,12156.448,370.9853515625,,,370.9853515625,,,21.822667738970587,,persistent-vllm-sandbox,0.0,,,0,0.3709853515625,0.02182266773897059,bfloat16,2357.65,12.49,12.48,772.64,18976.231926993933,256,1732.6,2348.36,7.48,12.28,827.51,2525.19,12.51,17.28,1345.68,2673.28,181.21,17.66,1480.58,1,700.0,bfloat16,false,,inf,13.54,policy_v1,experiments/results/config-search-v1-replay-corpus.jsonl,256.0,experiments/results/config-search-v1-telemetry/expert-seq256-bt8192-chunk-seed2-20260805T002842517610Z.dcgm.txt,1,1732.6,,,,29454.2,17.28,,,33937.662017997354,1345.68,,
config_search_v1,seq16-bt4096-chunk,,L4,verified,succeeded,2,2,524288.0,32768.0,32,16,4096,true,0.011185827986114923,,603.6441255393344,24.65,qwen2.5-7b-h100-config-search-v1,candidate,,2026-08-05T00:31:01.954855+00:00,1,configuration-search,,14918.752,455.2841796875,,,455.2841796875,,,26.781422334558822,,persistent-vllm-sandbox,0.0,,,0,0.4552841796875,0.026781422334558824,bfloat16,2964.6,10.78,10.78,1595.06,24714.482206996763,256,1329.21,3014.52,6.93,11.01,1597.19,3317.07,43.68,11.49,1861.8,3666.51,86.96,11.6,2373.78,1,700.0,bfloat16,false,,inf,10.38,policy_v1,experiments/results/config-search-v1-replay-corpus.jsonl,256.0,experiments/results/config-search-v1-telemetry/seq16-bt4096-chunk-seed2-20260805T003020829803Z.dcgm.txt,1,1329.21,,,,22596.5,11.49,,,40268.980750013725,1861.8,,
config_search_v1,seq16-bt4096-chunk,,L1,measured,succeeded,2,2,131072.0,8192.0,32,16,4096,true,0.005407664786390443,,599.5510658693223,6.25,qwen2.5-7b-h100-config-search-v1,candidate,,2026-08-05T00:31:22.605577+00:00,1,configuration-search,,3815.93,465.811767578125,,,465.811767578125,,,27.400692210477942,,persistent-vllm-sandbox,0.0,,,0,0.465811767578125,0.02740069221047794,bfloat16,2778.36,10.2,10.2,1482.9,6364.645510999253,64,1310.74,3034.57,6.92,10.31,1715.49,3571.43,36.61,11.55,2265.38,3669.4,87.98,11.58,2324.61,1,700.0,bfloat16,false,,inf,10.24,policy_v1,experiments/results/config-search-v1-replay-corpus.jsonl,64.0,experiments/results/config-search-v1-telemetry/seq16-bt4096-chunk-seed2-20260805T003102241790Z.dcgm.txt,1,1310.74,,,,22282.5,11.55,,,19467.593231005594,2265.38,,
config_search_v1,seq32-bt8192-chunk,,L1,measured,succeeded,2,2,131072.0,8192.0,32,32,8192,true,0.0050990582650006725,,618.3146952581037,4.87,qwen2.5-7b-h100-config-search-v1,candidate,,2026-08-05T00:32:45.471614+00:00,1,configuration-search,,3050.288,372.349609375,,,372.349609375,,,21.902918198529413,,persistent-vllm-sandbox,0.0,,,0,0.372349609375,0.021902918198529412,bfloat16,2412.46,11.97,11.97,892.07,4933.229023008607,64,1683.57,2334.85,7.48,12.44,944.14,2581.19,10.76,17.15,1500.06,2585.28,185.16,17.51,1570.89,1,700.0,bfloat16,false,,inf,13.15,policy_v1,experiments/results/config-search-v1-replay-corpus.jsonl,64.0,experiments/results/config-search-v1-telemetry/seq32-bt8192-chunk-seed2-20260805T003226188457Z.dcgm.txt,1,1683.57,,,,28620.63,17.15,,,18356.60975400242,1500.06,,
config_search_v1,seq32-bt8192-chunk,,L4,verified,succeeded,2,2,524288.0,32768.0,32,32,8192,true,0.009477662393332543,,643.2790481937096,18.81,qwen2.5-7b-h100-config-search-v1,candidate,,2026-08-05T00:33:20.741288+00:00,1,configuration-search,,12139.581,370.4706115722656,,,370.4706115722656,,,21.792388916015625,,persistent-vllm-sandbox,0.0,,,0,0.37047061157226563,0.021792388916015624,bfloat16,2344.68,12.82,12.81,717.65,18871.407415004796,256,1742.07,2352.22,7.48,12.68,708.7,2552.72,13.43,17.4,1338.02,2670.1,177.0,17.63,1540.54,1,700.0,bfloat16,false,,inf,13.61,policy_v1,experiments/results/config-search-v1-replay-corpus.jsonl,256.0,experiments/results/config-search-v1-telemetry/seq32-bt8192-chunk-seed2-20260805T003245757796Z.dcgm.txt,1,1742.07,,,,29615.11,17.4,,,34119.584615997155,1338.02,,
config_search_v1,seq8-bt4096-chunk,,L4,verified,succeeded,2,2,524288.0,32768.0,32,8,4096,true,0.014559215602777032,,546.9471883969851,36.96,qwen2.5-7b-h100-config-search-v1,candidate,,2026-08-05T00:35:17.548900+00:00,1,configuration-search,,20248.211,617.9263610839844,,,617.9263610839844,,,36.34860947552849,,persistent-vllm-sandbox,0.0,,,0,0.6179263610839844,0.03634860947552849,bfloat16,4379.57,8.33,8.33,3321.84,37020.413359001395,256,886.7,4558.42,6.55,8.31,3502.32,4624.57,12.68,8.61,3566.65,4879.92,44.8,8.68,3846.08,1,700.0,bfloat16,false,,inf,6.93,policy_v1,experiments/results/config-search-v1-replay-corpus.jsonl,256.0,experiments/results/config-search-v1-telemetry/seq8-bt4096-chunk-seed2-20260805T003424273303Z.dcgm.txt,1,886.7,,,,15073.9,8.61,,,52413.176169997314,3566.65,,
config_search_v1,seq8-bt4096-chunk,,L1,measured,succeeded,2,2,131072.0,8192.0,32,8,4096,true,0.006232949152221813,,546.910380179958,9.31,qwen2.5-7b-h100-config-search-v1,candidate,,2026-08-05T00:35:41.227226+00:00,1,configuration-search,,5131.686,626.426513671875,,,626.426513671875,,,36.84861845128677,,persistent-vllm-sandbox,0.0,,,0,0.626426513671875,0.036848618451286765,bfloat16,3815.69,8.14,8.14,2781.32,9383.047362003708,64,879.79,4562.93,6.55,8.3,3497.73,4822.34,11.01,8.65,3765.74,4917.82,44.99,8.68,3907.17,1,700.0,bfloat16,false,,inf,6.87,policy_v1,experiments/results/config-search-v1-replay-corpus.jsonl,64.0,experiments/results/config-search-v1-telemetry/seq8-bt4096-chunk-seed2-20260805T003517841559Z.dcgm.txt,1,879.79,,,,14956.46,8.65,,,22438.616947998526,3765.74,,
config_search_v1,seq32-bt8192-nochunk,,L1,measured,succeeded,2,2,131072.0,8192.0,32,32,8192,false,0.005086826074443202,,619.2560459811804,4.84,qwen2.5-7b-h100-config-search-v1,candidate,,2026-08-05T00:37:03.982131+00:00,1,configuration-search,,3038.303,370.8865966796875,,,370.8865966796875,,,21.816858628216913,,persistent-vllm-sandbox,0.0,,,0,0.3708865966796875,0.02181685862821691,bfloat16,2398.2,12.45,12.45,816.49,4906.375997001305,64,1691.48,2320.05,7.48,12.39,895.61,2711.1,12.4,17.03,1445.43,2713.78,135.91,17.14,1571.52,1,700.0,bfloat16,false,,inf,13.21,policy_v1,experiments/results/config-search-v1-replay-corpus.jsonl,64.0,experiments/results/config-search-v1-telemetry/seq32-bt8192-nochunk-seed2-20260805T003644792086Z.dcgm.txt,1,1691.48,,,,28755.14,17.03,,,18312.573867995525,1445.43,,
config_search_v1,seq32-bt8192-nochunk,,L4,verified,succeeded,2,2,524288.0,32768.0,32,32,8192,false,0.009467106393886853,,640.23348655756,18.75,qwen2.5-7b-h100-config-search-v1,candidate,,2026-08-05T00:37:39.241589+00:00,1,configuration-search,,12078.753,368.6142883300781,,,368.6142883300781,,,21.683193431181067,,persistent-vllm-sandbox,0.0,,,0,0.36861428833007814,0.021683193431181066,bfloat16,2335.93,12.74,12.74,717.72,18866.168755004765,256,1747.68,2331.86,7.48,12.97,684.98,2503.2,38.77,17.11,1321.91,2524.37,136.25,17.41,1441.84,1,700.0,bfloat16,false,,inf,13.65,policy_v1,experiments/results/config-search-v1-replay-corpus.jsonl,256.0,experiments/results/config-search-v1-telemetry/seq32-bt8192-nochunk-seed2-20260805T003704277534Z.dcgm.txt,1,1747.68,,,,29710.64,17.11,,,34081.58301799267,1321.91,,
config_search_v1,seq32-bt2048-chunk,,L4,verified,succeeded,2,2,524288.0,32768.0,32,32,2048,true,0.009437875290277589,,654.0005836943652,18.33,qwen2.5-7b-h100-config-search-v1,candidate,,2026-08-05T00:39:17.503002+00:00,1,configuration-search,,12028.74,367.0880126953125,,,367.0880126953125,,,21.59341251148897,,persistent-vllm-sandbox,0.0,,,0,0.3670880126953125,0.02159341251148897,bfloat16,2277.03,15.04,15.03,367.67,18392.55239200429,256,1787.64,2258.03,7.5,15.35,299.6,2910.13,47.99,16.76,1018.92,3405.75,52.79,17.01,1504.88,1,700.0,bfloat16,false,,inf,13.97,policy_v1,experiments/results/config-search-v1-replay-corpus.jsonl,256.0,experiments/results/config-search-v1-telemetry/seq32-bt2048-chunk-seed2-20260805T003842680455Z.dcgm.txt,1,1787.64,,,,30389.84,16.76,,,33976.35104499932,1018.92,,
config_search_v1,seq32-bt2048-chunk,,L1,measured,succeeded,2,2,131072.0,8192.0,32,32,2048,true,0.00493537505139102,,635.4065289745223,4.78,qwen2.5-7b-h100-config-search-v1,candidate,,2026-08-05T00:39:36.432236+00:00,1,configuration-search,,3083.309,376.3804931640625,,,376.3804931640625,,,22.140029009650736,,persistent-vllm-sandbox,0.0,,,0,0.3763804931640625,0.022140029009650737,bfloat16,2334.58,13.59,13.59,608.94,4852.498140011448,64,1712.35,2237.01,7.5,14.83,383.13,3362.26,47.16,16.57,1472.79,3479.61,51.15,16.77,1574.21,1,700.0,bfloat16,false,,inf,13.38,policy_v1,experiments/results/config-search-v1-replay-corpus.jsonl,64.0,experiments/results/config-search-v1-telemetry/seq32-bt2048-chunk-seed2-20260805T003917798228Z.dcgm.txt,1,1712.35,,,,29109.91,16.57,,,17767.350185007672,1472.79,,
config_search_v1,seq32-bt4096-chunk,,L1,measured,succeeded,2,2,131072.0,8192.0,32,32,4096,true,0.005175272052777776,,618.4558866934256,4.89,qwen2.5-7b-h100-config-search-v1,candidate,,2026-08-05T00:40:59.496209+00:00,1,configuration-search,,3060.304,373.572265625,,,373.572265625,,,21.974839154411764,,persistent-vllm-sandbox,0.0,,,0,0.373572265625,0.021974839154411764,bfloat16,2412.07,12.98,12.98,764.18,4948.297955997987,64,1675.17,2317.93,7.49,13.08,729.86,3068.11,86.45,17.22,1512.63,3189.4,101.86,17.33,1619.11,1,700.0,bfloat16,false,,inf,13.09,policy_v1,experiments/results/config-search-v1-replay-corpus.jsonl,64.0,experiments/results/config-search-v1-telemetry/seq32-bt4096-chunk-seed2-20260805T004039981359Z.dcgm.txt,1,1675.17,,,,28477.91,17.22,,,18630.979389999993,1512.63,,
config_search_v1,seq32-bt4096-chunk,,L4,verified,succeeded,2,2,524288.0,32768.0,32,32,4096,true,0.009323129744443577,,651.7898327191393,18.63,qwen2.5-7b-h100-config-search-v1,candidate,,2026-08-05T00:41:34.222776+00:00,1,configuration-search,,12181.447,371.7482604980469,,,371.7482604980469,,,21.867544735179226,,persistent-vllm-sandbox,0.0,,,0,0.3717482604980469,0.02186754473517923,bfloat16,2320.67,14.53,14.53,475.28,18689.225251000607,256,1758.9,2309.64,7.49,14.89,403.76,2754.28,87.6,17.33,1031.88,3205.09,98.68,17.55,1501.24,1,700.0,bfloat16,false,,inf,13.74,policy_v1,experiments/results/config-search-v1-replay-corpus.jsonl,256.0,experiments/results/config-search-v1-telemetry/seq32-bt4096-chunk-seed2-20260805T004059794741Z.dcgm.txt,1,1758.9,,,,29901.22,17.33,,,33563.26707999688,1031.88,,
config_search_v1,seq8-bt2048-chunk,,L4,verified,succeeded,2,2,524288.0,32768.0,32,8,2048,true,0.014647380276668022,,548.8096518265406,37.06,qwen2.5-7b-h100-config-search-v1,candidate,,2026-08-05T00:43:31.303416+00:00,1,configuration-search,,20374.211,621.7715759277344,,,621.7715759277344,,,36.574798583984375,,persistent-vllm-sandbox,0.0,,,0,0.6217715759277344,0.03657479858398437,bfloat16,4419.75,8.21,8.21,3377.41,37124.367132011685,256,884.21,4601.61,6.56,8.1,3551.53,4612.69,13.39,8.61,3594.29,4934.19,45.35,8.64,3922.91,1,700.0,bfloat16,false,,inf,6.91,policy_v1,experiments/results/config-search-v1-replay-corpus.jsonl,256.0,experiments/results/config-search-v1-telemetry/seq8-bt2048-chunk-seed2-20260805T004237712663Z.dcgm.txt,1,884.21,,,,15031.49,8.61,,,52730.56899600488,3594.29,,
config_search_v1,seq8-bt2048-chunk,,L1,measured,succeeded,2,2,131072.0,8192.0,32,8,2048,true,0.00621899812249871,,543.2210872027217,9.36,qwen2.5-7b-h100-config-search-v1,candidate,,2026-08-05T00:43:54.899957+00:00,1,configuration-search,,5120.774,625.094482421875,,,625.094482421875,,,36.770263671875,,persistent-vllm-sandbox,0.0,,,0,0.625094482421875,0.036770263671875004,bfloat16,3831.18,8.12,8.12,2799.99,9426.684863006813,64,875.36,4596.04,6.56,8.06,3517.58,4826.2,12.53,8.59,3813.08,4941.21,45.17,8.61,3910.42,1,700.0,bfloat16,false,,inf,6.84,policy_v1,experiments/results/config-search-v1-replay-corpus.jsonl,64.0,experiments/results/config-search-v1-telemetry/seq8-bt2048-chunk-seed2-20260805T004331612950Z.dcgm.txt,1,875.36,,,,14881.19,8.59,,,22388.393240995356,3813.08,,
