experiment_id,candidate_id,workload_id,level,kind,status,repeat,seed,input_tokens,output_tokens,concurrency,max_num_seqs,max_num_batched_tokens,chunked_prefill,gpu_hours,avg_power_w,campaign_id,candidate_role,created_at,data_parallel,dataset_split,elapsed_ms,energy_j,executor,failure_reason,gpu_id,gross_j_per_tflop,kernel_elapsed_ms,kv_cache_dtype,num_requests,pipeline_parallel,power_limit_w,precision,prefix_caching,request_rate,source_archive,source_member,telemetry_path,tensor_parallel,throughput_tflops
gemm_power_sweep,gemm-pl350,,L1,measured,succeeded,,0,,,,,,,0.0074534995058325474,341.3159219457671,,,2026-08-03T21:11:27.112064+00:00,,,26832.59822099717,9158.393,docker-sandbox,,0,1.0411887387817842,25281.078125,,,,350.0,,,,gemm,experiments/results/h100-gemm-power-sweep.jsonl,experiments/results/telemetry/gemm-pl350-seed0-20260803T211059292378Z.dcgm.txt,,347.931879
gemm_power_sweep,gemm-pl500,,L1,measured,succeeded,,0,,,,,,,0.004699193969166421,484.3992072404534,,,2026-08-03T21:11:45.117278+00:00,,,16917.098288999114,8194.629,docker-sandbox,,0,0.9316214573118486,15739.169922,,,,500.0,,,,gemm,experiments/results/h100-gemm-power-sweep.jsonl,experiments/results/telemetry/gemm-pl500-seed0-20260803T211127207741Z.dcgm.txt,,558.866387
gemm_power_sweep,gemm-pl700,,L1,measured,succeeded,,0,,,,,,,0.0039442050416669695,671.7485877830738,,,2026-08-03T21:12:00.380644+00:00,,,14199.13815000109,9538.251,docker-sandbox,,0,1.0843735935850418,13081.018555,,,,700.0,,,,gemm,experiments/results/h100-gemm-power-sweep.jsonl,experiments/results/telemetry/gemm-pl700-seed0-20260803T211145197017Z.dcgm.txt,,672.431813
gemm_power_sweep,gemm-pl500,,L1,measured,succeeded,,1,,,,,,,0.004715070198332493,484.4498393274874,,,2026-08-03T21:12:18.481037+00:00,,,16974.252713996975,8223.174,docker-sandbox,,0,0.9348666480946122,15780.491211,,,,500.0,,,,gemm,experiments/results/h100-gemm-power-sweep.jsonl,experiments/results/telemetry/gemm-pl500-seed1-20260803T211200449765Z.dcgm.txt,,557.402992
gemm_power_sweep,gemm-pl700,,L1,measured,succeeded,,1,,,,,,,0.003956196846389099,670.0445297546355,,,2026-08-03T21:12:33.772585+00:00,,,14242.308647000755,9542.981,docker-sandbox,,0,1.084911332327465,13111.272461,,,,700.0,,,,gemm,experiments/results/h100-gemm-power-sweep.jsonl,experiments/results/telemetry/gemm-pl700-seed1-20260803T211218557687Z.dcgm.txt,,670.880195
gemm_power_sweep,gemm-pl350,,L1,measured,succeeded,,1,,,,,,,0.0070978929897228225,343.9969600339747,,,2026-08-03T21:13:00.419780+00:00,,,25552.41476300216,8789.953,docker-sandbox,,0,0.9993019602916319,24162.158203,,,,350.0,,,,gemm,experiments/results/h100-gemm-power-sweep.jsonl,experiments/results/telemetry/gemm-pl350-seed1-20260803T211233850134Z.dcgm.txt,,364.044178
gemm_power_sweep,gemm-pl700,,L1,measured,succeeded,,2,,,,,,,0.003959428412777521,668.4279204188031,,,2026-08-03T21:13:15.785262+00:00,,,14253.942285999074,9527.733,docker-sandbox,,0,1.0831778354258859,13097.738281,,,,700.0,,,,gemm,experiments/results/h100-gemm-power-sweep.jsonl,experiments/results/telemetry/gemm-pl700-seed2-20260803T211300508769Z.dcgm.txt,,671.57343
gemm_power_sweep,gemm-pl350,,L1,measured,succeeded,,2,,,,,,,0.007771744612777588,343.21480062434375,,,2026-08-03T21:13:44.881169+00:00,,,27978.280605999316,9602.56,docker-sandbox,,0,1.091684680432081,26492.435547,,,,350.0,,,,gemm,experiments/results/h100-gemm-power-sweep.jsonl,experiments/results/telemetry/gemm-pl350-seed2-20260803T211315861715Z.dcgm.txt,,332.022815
gemm_power_sweep,gemm-pl500,,L1,measured,succeeded,,2,,,,,,,0.004707722248055385,484.7135884847551,,,2026-08-03T21:14:02.920517+00:00,,,16947.800092999387,8214.829,docker-sandbox,,0,0.9339179314338252,15764.107422,,,,500.0,,,,gemm,experiments/results/h100-gemm-power-sweep.jsonl,experiments/results/telemetry/gemm-pl500-seed2-20260803T211344962707Z.dcgm.txt,,557.982307
