experiment_id,candidate_id,workload_id,level,kind,status,repeat,seed,input_tokens,output_tokens,concurrency,max_num_seqs,max_num_batched_tokens,chunked_prefill,gpu_hours,avg_power_w,benchmark_duration_s,campaign_id,candidate_role,created_at,data_parallel,dataset_split,energy_j,energy_j_per_1k_output_tokens,energy_j_per_1k_tokens,energy_j_per_1k_total_tokens,executor,failed_requests,failure_reason,gpu_id,j_per_output_token,j_per_total_token,kv_cache_dtype,mean_e2el_ms,mean_itl_ms,mean_tpot_ms,mean_ttft_ms,measurement_window_ms,num_requests,output_throughput_tok_s,p50_e2el_ms,p50_itl_ms,p50_tpot_ms,p50_ttft_ms,p95_e2el_ms,p95_itl_ms,p95_tpot_ms,p95_ttft_ms,p99_e2el_ms,p99_itl_ms,p99_tpot_ms,p99_ttft_ms,pipeline_parallel,power_limit_w,precision,prefix_caching,request_rate,request_throughput_req_s,source_archive,source_member,successful_requests,telemetry_path,tensor_parallel,throughput_tok_s,total_throughput_tok_s,tpot_ms,trial_elapsed_ms,ttft_ms
workload_transfer_v1,val-c256-o128-k1,val-c256-o128-k1,L1,measured,succeeded,0,0,2048.0,1024.0,1,256,8192,true,0.005532276863891133,420.22334419841656,6.35,qwen2.5-7b-h100-workload-transfer-validation-v1,,2026-08-04T16:32:16.130287+00:00,1,validation,2695.32,,,,persistent-vllm-sandbox,0.0,,0,2.6321484375,0.8773828125,bfloat16,793.78,6.11,6.11,18.26,6414.0177770023,8,161.23,793.96,6.11,6.11,18.64,794.63,6.24,6.11,19.25,794.74,6.33,6.11,19.43,1,700.0,bfloat16,false,inf,1.26,workload_v1,experiments/results/workload-transfer-validation-v1-measurements.jsonl,8.0,experiments/results/serving-campaign-telemetry/val-c256-o128-k1-seed0-20260804T163155350119Z.dcgm.txt,1,161.23,483.68,6.11,19916.19671000808,19.25
workload_transfer_v1,val-c256-o128-k16,val-c256-o128-k16,L1,measured,succeeded,0,0,32768.0,16384.0,16,256,8192,true,0.005512503378611452,483.66117893841687,7.36,qwen2.5-7b-h100-workload-transfer-validation-v1,,2026-08-04T16:32:37.041434+00:00,1,validation,3614.206,,,,persistent-vllm-sandbox,0.0,,0,0.2205936279296875,0.07353120930989583,bfloat16,914.87,6.54,6.54,84.39,7472.5989130092785,128,2224.85,911.19,6.37,6.43,92.96,947.17,6.82,6.84,136.58,951.91,9.5,6.89,137.92,1,700.0,bfloat16,false,inf,17.38,workload_v1,experiments/results/workload-transfer-validation-v1-measurements.jsonl,128.0,experiments/results/serving-campaign-telemetry/val-c256-o128-k16-seed0-20260804T163216297237Z.dcgm.txt,1,2224.85,6674.56,6.84,19845.01216300123,136.58
workload_transfer_v1,val-c512-o128-k32,val-c512-o128-k32,L1,measured,succeeded,0,0,131072.0,32768.0,32,256,8192,true,0.00627477931277503,575.3929004942407,9.61,qwen2.5-7b-h100-workload-transfer-validation-v1,,2026-08-04T16:33:00.649386+00:00,1,validation,5565.565,,,,persistent-vllm-sandbox,0.0,,0,0.1698475646972656,0.03396951293945312,bfloat16,1188.3,7.7,7.69,211.7,9672.634116999689,256,3410.13,1179.53,6.58,7.66,247.13,1271.86,11.26,8.73,432.75,1274.26,32.28,8.8,437.18,1,700.0,bfloat16,false,inf,26.64,workload_v1,experiments/results/workload-transfer-validation-v1-measurements.jsonl,256.0,experiments/results/serving-campaign-telemetry/val-c512-o128-k32-seed0-20260804T163237178049Z.dcgm.txt,1,3410.13,17050.67,8.73,22589.20552599011,432.75
workload_transfer_v1,val-c1024-o128-k4,val-c1024-o128-k4,L1,measured,succeeded,0,0,32768.0,4096.0,4,256,8192,true,0.005471352493053322,458.8672344257952,7.17,qwen2.5-7b-h100-workload-transfer-validation-v1,,2026-08-04T16:33:21.388680+00:00,1,validation,3316.042,,,,persistent-vllm-sandbox,0.0,,0,0.80958056640625,0.08995339626736111,bfloat16,894.63,6.37,6.37,85.83,7226.582660994609,32,571.65,892.99,6.26,6.29,96.67,913.89,6.45,6.69,120.15,914.85,6.99,6.7,121.11,1,700.0,bfloat16,false,inf,4.47,workload_v1,experiments/results/workload-transfer-validation-v1-measurements.jsonl,32.0,experiments/results/serving-campaign-telemetry/val-c1024-o128-k4-seed0-20260804T163300809206Z.dcgm.txt,1,571.65,5144.84,6.69,19696.868974991958,120.15
workload_transfer_v1,val-c2048-o128-k8,val-c2048-o128-k8,L1,measured,succeeded,0,0,131072.0,8192.0,8,256,8192,true,0.006255386857778326,538.4941386309146,9.49,qwen2.5-7b-h100-workload-transfer-validation-v1,,2026-08-04T16:33:44.932848+00:00,1,validation,5145.624,,,,persistent-vllm-sandbox,0.0,,0,0.6281279296875,0.03694870174632353,bfloat16,1185.42,7.27,7.27,262.72,9555.580332002137,64,862.98,1183.2,6.56,7.04,299.46,1218.98,6.74,8.76,366.4,1228.51,7.95,8.79,394.66,1,700.0,bfloat16,false,inf,6.74,workload_v1,experiments/results/workload-transfer-validation-v1-measurements.jsonl,64.0,experiments/results/serving-campaign-telemetry/val-c2048-o128-k8-seed0-20260804T163321553274Z.dcgm.txt,1,862.98,14670.66,8.76,22519.39268800197,366.4
workload_transfer_v1,val-c2048-o128-k32,val-c2048-o128-k32,L1,measured,succeeded,0,0,524288.0,32768.0,32,256,8192,true,0.009434591392778708,644.038815270644,18.91,qwen2.5-7b-h100-workload-transfer-validation-v1,,2026-08-04T16:34:19.909691+00:00,1,validation,12186.987,,,,persistent-vllm-sandbox,0.0,,0,0.37191732788085935,0.021877489875344668,bfloat16,2356.33,12.41,12.41,780.34,18922.752341997693,256,1733.25,2344.43,7.5,12.14,810.55,2522.15,11.4,17.29,1336.31,2535.36,179.25,17.62,1476.89,1,700.0,bfloat16,false,inf,13.54,workload_v1,experiments/results/workload-transfer-validation-v1-measurements.jsonl,256.0,experiments/results/serving-campaign-telemetry/val-c2048-o128-k32-seed0-20260804T163345089043Z.dcgm.txt,1,1733.25,29465.23,17.29,33964.52901400335,1336.31
workload_transfer_v1,val-c512-o128-k32,val-c512-o128-k32,L1,measured,succeeded,1,1,131072.0,32768.0,32,256,8192,true,0.0062425593513883845,583.0234267651741,9.56,qwen2.5-7b-h100-workload-transfer-validation-v1,,2026-08-04T16:34:43.409097+00:00,1,validation,5612.914,,,,persistent-vllm-sandbox,0.0,,0,0.17129254150390624,0.03425850830078125,bfloat16,1188.84,7.52,7.52,233.38,9627.252941005281,256,3426.74,1180.28,6.59,7.25,272.96,1273.28,8.73,8.79,409.93,1276.18,21.45,8.85,412.77,1,700.0,bfloat16,false,inf,26.77,workload_v1,experiments/results/workload-transfer-validation-v1-measurements.jsonl,256.0,experiments/results/serving-campaign-telemetry/val-c512-o128-k32-seed1-20260804T163420070093Z.dcgm.txt,1,3426.74,17133.71,8.79,22473.213664998184,409.93
workload_transfer_v1,val-c1024-o128-k4,val-c1024-o128-k4,L1,measured,succeeded,1,1,32768.0,4096.0,4,256,8192,true,0.00547726576499877,460.95474212040693,7.23,qwen2.5-7b-h100-workload-transfer-validation-v1,,2026-08-04T16:35:04.160160+00:00,1,validation,3380.349,,,,persistent-vllm-sandbox,0.0,,0,0.825280517578125,0.09169783528645833,bfloat16,900.14,6.41,6.41,86.31,7333.364192003501,32,566.84,900.63,6.26,6.36,94.25,912.72,6.49,6.69,116.35,912.91,11.26,6.7,117.38,1,700.0,bfloat16,false,inf,4.43,workload_v1,experiments/results/workload-transfer-validation-v1-measurements.jsonl,32.0,experiments/results/serving-campaign-telemetry/val-c1024-o128-k4-seed1-20260804T163443577462Z.dcgm.txt,1,566.84,5101.54,6.69,19718.156753995572,116.35
workload_transfer_v1,val-c2048-o128-k8,val-c2048-o128-k8,L1,measured,succeeded,1,1,131072.0,8192.0,8,256,8192,true,0.006237600584164385,540.2407255155287,9.51,qwen2.5-7b-h100-workload-transfer-validation-v1,,2026-08-04T16:35:27.616897+00:00,1,validation,5148.056,,,,persistent-vllm-sandbox,0.0,,0,0.6284248046875,0.036966164981617644,bfloat16,1187.52,7.33,7.33,256.07,9529.189038992627,64,861.17,1183.47,6.57,7.45,272.09,1225.23,6.89,8.78,392.36,1226.95,10.1,8.82,398.37,1,700.0,bfloat16,false,inf,6.73,workload_v1,experiments/results/workload-transfer-validation-v1-measurements.jsonl,64.0,experiments/results/serving-campaign-telemetry/val-c2048-o128-k8-seed1-20260804T163504317806Z.dcgm.txt,1,861.17,14639.84,8.78,22455.362102991785,392.36
workload_transfer_v1,val-c2048-o128-k32,val-c2048-o128-k32,L1,measured,succeeded,1,1,524288.0,32768.0,32,256,8192,true,0.009467913290277971,641.3926367879949,18.94,qwen2.5-7b-h100-workload-transfer-validation-v1,,2026-08-04T16:36:02.728207+00:00,1,validation,12190.979,,,,persistent-vllm-sandbox,0.0,,0,0.37203915405273436,0.02188465612074908,bfloat16,2360.29,12.63,12.63,756.07,19007.045451988233,256,1729.75,2352.47,7.5,12.65,728.48,2550.39,12.34,17.32,1353.35,2968.78,180.51,17.61,1491.56,1,700.0,bfloat16,false,inf,13.51,workload_v1,experiments/results/workload-transfer-validation-v1-measurements.jsonl,256.0,experiments/results/serving-campaign-telemetry/val-c2048-o128-k32-seed1-20260804T163527761474Z.dcgm.txt,1,1729.75,29405.83,17.32,34084.487845000695,1353.35
workload_transfer_v1,val-c256-o128-k1,val-c256-o128-k1,L1,measured,succeeded,1,1,2048.0,1024.0,1,256,8192,true,0.005408051588892704,425.14064507407295,6.35,qwen2.5-7b-h100-workload-transfer-validation-v1,,2026-08-04T16:36:23.232963+00:00,1,validation,2748.227,,,,persistent-vllm-sandbox,0.0,,0,2.6838154296875,0.8946051432291666,bfloat16,793.69,6.11,6.11,18.25,6464.277249993756,8,161.25,793.78,6.11,6.11,18.33,794.31,6.19,6.11,18.98,794.45,6.27,6.11,19.18,1,700.0,bfloat16,false,inf,1.26,workload_v1,experiments/results/workload-transfer-validation-v1-measurements.jsonl,8.0,experiments/results/serving-campaign-telemetry/val-c256-o128-k1-seed1-20260804T163602896751Z.dcgm.txt,1,161.25,483.74,6.11,19468.985720013734,18.98
workload_transfer_v1,val-c256-o128-k16,val-c256-o128-k16,L1,measured,succeeded,1,1,32768.0,16384.0,16,256,8192,true,0.005466596709443871,484.31610420191106,7.29,qwen2.5-7b-h100-workload-transfer-validation-v1,,2026-08-04T16:36:43.958322+00:00,1,validation,3565.889,,,,persistent-vllm-sandbox,0.0,,0,0.21764459228515626,0.07254819742838542,bfloat16,908.1,6.56,6.56,74.56,7362.730599008501,128,2246.3,906.32,6.37,6.43,87.81,939.51,6.84,6.81,129.84,942.89,11.3,6.85,131.72,1,700.0,bfloat16,false,inf,17.55,workload_v1,experiments/results/workload-transfer-validation-v1-measurements.jsonl,128.0,experiments/results/serving-campaign-telemetry/val-c256-o128-k16-seed1-20260804T163623393575Z.dcgm.txt,1,2246.3,6738.9,6.81,19679.748153997934,129.84
workload_transfer_v1,val-c2048-o128-k8,val-c2048-o128-k8,L1,measured,succeeded,2,2,131072.0,8192.0,8,256,8192,true,0.006271991129720441,536.0495954692452,9.57,qwen2.5-7b-h100-workload-transfer-validation-v1,,2026-08-04T16:37:07.590110+00:00,1,validation,5164.266,,,,persistent-vllm-sandbox,0.0,,0,0.630403564453125,0.0370825626148897,bfloat16,1193.83,7.31,7.31,266.06,9633.933210003306,64,856.14,1185.64,6.57,7.15,309.75,1257.49,6.77,8.78,422.37,1258.32,8.02,8.79,434.06,1,700.0,bfloat16,false,inf,6.69,workload_v1,experiments/results/workload-transfer-validation-v1-measurements.jsonl,64.0,experiments/results/serving-campaign-telemetry/val-c2048-o128-k8-seed2-20260804T163644125084Z.dcgm.txt,1,856.14,14554.44,8.78,22579.16806699359,422.37
workload_transfer_v1,val-c2048-o128-k32,val-c2048-o128-k32,L1,measured,succeeded,2,2,524288.0,32768.0,32,256,8192,true,0.009378280102221954,646.493666971966,18.77,qwen2.5-7b-h100-workload-transfer-validation-v1,,2026-08-04T16:37:42.373115+00:00,1,validation,12176.367,,,,persistent-vllm-sandbox,0.0,,0,0.3715932312011719,0.021858425364774815,bfloat16,2340.41,13.05,13.05,683.38,18834.472203001496,256,1746.06,2321.78,7.5,12.91,712.31,2597.13,13.02,17.31,1266.84,2659.31,177.9,17.66,1476.84,1,700.0,bfloat16,false,inf,13.64,workload_v1,experiments/results/workload-transfer-validation-v1-measurements.jsonl,256.0,experiments/results/serving-campaign-telemetry/val-c2048-o128-k32-seed2-20260804T163707753689Z.dcgm.txt,1,1746.06,29683.08,17.31,33761.80836799904,1266.84
workload_transfer_v1,val-c256-o128-k1,val-c256-o128-k1,L1,measured,succeeded,2,2,2048.0,1024.0,1,256,8192,true,0.005349019822222342,427.37623589704134,6.35,qwen2.5-7b-h100-workload-transfer-validation-v1,,2026-08-04T16:38:02.664082+00:00,1,validation,2740.8,,,,persistent-vllm-sandbox,0.0,,0,2.6765625,0.8921875,bfloat16,793.5,6.11,6.11,17.89,6413.084700994659,8,161.28,793.55,6.11,6.11,18.05,794.16,6.2,6.11,18.59,794.19,6.35,6.11,18.59,1,700.0,bfloat16,false,inf,1.26,workload_v1,experiments/results/workload-transfer-validation-v1-measurements.jsonl,8.0,experiments/results/serving-campaign-telemetry/val-c256-o128-k1-seed2-20260804T163742538775Z.dcgm.txt,1,161.28,483.85,6.11,19256.471360000432,18.59
workload_transfer_v1,val-c256-o128-k16,val-c256-o128-k16,L1,measured,succeeded,2,2,32768.0,16384.0,16,256,8192,true,0.005511265883336212,483.14427197581847,7.35,qwen2.5-7b-h100-workload-transfer-validation-v1,,2026-08-04T16:38:23.501309+00:00,1,validation,3582.369,,,,persistent-vllm-sandbox,0.0,,0,0.21865045166015626,0.07288348388671875,bfloat16,912.97,6.54,6.54,82.96,7414.698275009869,128,2230.27,915.5,6.37,6.45,80.83,933.59,6.76,6.83,125.42,935.23,9.82,6.85,126.97,1,700.0,bfloat16,false,inf,17.42,workload_v1,experiments/results/workload-transfer-validation-v1-measurements.jsonl,128.0,experiments/results/serving-campaign-telemetry/val-c256-o128-k16-seed2-20260804T163802829612Z.dcgm.txt,1,2230.27,6690.81,6.83,19840.557180010364,125.42
workload_transfer_v1,val-c512-o128-k32,val-c512-o128-k32,L1,measured,succeeded,2,2,131072.0,32768.0,32,256,8192,true,0.006300669019999785,581.6104377046355,9.65,qwen2.5-7b-h100-workload-transfer-validation-v1,,2026-08-04T16:38:47.215291+00:00,1,validation,5677.485,,,,persistent-vllm-sandbox,0.0,,0,0.17326309204101562,0.03465261840820312,bfloat16,1198.01,7.52,7.52,243.4,9761.662844990497,256,3396.52,1194.96,6.58,7.14,289.96,1249.2,8.1,8.81,359.52,1253.48,13.53,8.85,409.84,1,700.0,bfloat16,false,inf,26.54,workload_v1,experiments/results/workload-transfer-validation-v1-measurements.jsonl,256.0,experiments/results/serving-campaign-telemetry/val-c512-o128-k32-seed2-20260804T163823661271Z.dcgm.txt,1,3396.52,16982.59,8.81,22682.408471999224,359.52
workload_transfer_v1,val-c1024-o128-k4,val-c1024-o128-k4,L1,measured,succeeded,2,2,32768.0,4096.0,4,256,8192,true,0.005489119794720965,464.3174963236057,7.17,qwen2.5-7b-h100-workload-transfer-validation-v1,,2026-08-04T16:39:08.007842+00:00,1,validation,3382.399,,,,persistent-vllm-sandbox,0.0,,0,0.825781005859375,0.09175344509548611,bfloat16,895.07,6.37,6.37,86.43,7284.668414999032,32,571.25,894.71,6.26,6.26,98.98,919.88,6.44,6.69,124.59,920.89,6.91,6.7,125.55,1,700.0,bfloat16,false,inf,4.46,workload_v1,experiments/results/workload-transfer-validation-v1-measurements.jsonl,32.0,experiments/results/serving-campaign-telemetry/val-c1024-o128-k4-seed2-20260804T163847384771Z.dcgm.txt,1,571.25,5141.24,6.69,19760.831260995474,124.59
workload_holdout_v2,holdout-c256-o128-k4,holdout-c256-o128-k4,L1,measured,succeeded,0,0,8192.0,4096.0,4,256,8192,true,0.005286081879999579,429.5218025222199,6.62,qwen2.5-7b-h100-workload-transfer-holdout-v2,,2026-08-04T17:37:04.386723+00:00,1,holdout,2892.756,,,,persistent-vllm-sandbox,0.0,,0,0.7062392578125,0.2354130859375,bfloat16,826.38,6.22,6.22,36.04,6734.829252003692,32,618.31,825.89,6.2,6.21,37.31,832.72,6.43,6.28,44.75,834.17,6.82,6.28,45.04,1,700.0,bfloat16,false,inf,4.83,holdout_v2,experiments/results/workload-transfer-holdout-v2-measurements.jsonl,32.0,experiments/results/serving-holdout-v2-telemetry/holdout-c256-o128-k4-seed0-20260804T173644473283Z.dcgm.txt,1,618.31,1854.93,6.28,19029.894767998485,44.75
workload_holdout_v2,holdout-c256-o128-k32,holdout-c256-o128-k32,L1,measured,succeeded,0,0,65536.0,32768.0,32,256,8192,true,0.005784845321391508,546.6070988251456,8.12,qwen2.5-7b-h100-workload-transfer-holdout-v2,,2026-08-04T17:37:26.225991+00:00,1,holdout,4497.897,,,,persistent-vllm-sandbox,0.0,,0,0.13726492309570312,0.045754974365234374,bfloat16,1005.39,6.81,6.81,140.57,8228.757017001044,256,4037.81,1000.47,6.4,6.6,156.27,1050.94,8.19,7.42,220.14,1052.53,12.5,7.47,220.74,1,700.0,bfloat16,false,inf,31.55,holdout_v2,experiments/results/workload-transfer-holdout-v2-measurements.jsonl,256.0,experiments/results/serving-holdout-v2-telemetry/holdout-c256-o128-k32-seed0-20260804T173704541800Z.dcgm.txt,1,4037.81,12113.42,7.42,20825.44315700943,220.14
workload_holdout_v2,holdout-c512-o128-k1,holdout-c512-o128-k1,L1,measured,succeeded,0,0,4096.0,1024.0,1,256,8192,true,0.005398793964442221,415.6494644651683,6.39,qwen2.5-7b-h100-workload-transfer-holdout-v2,,2026-08-04T17:37:46.684942+00:00,1,holdout,2700.396,,,,persistent-vllm-sandbox,0.0,,0,2.63710546875,0.52742109375,bfloat16,798.62,6.11,6.11,22.97,6496.810969008948,8,160.24,798.46,6.12,6.11,23.07,799.76,6.21,6.11,24.0,799.97,6.29,6.11,24.2,1,700.0,bfloat16,false,inf,1.25,holdout_v2,experiments/results/workload-transfer-holdout-v2-measurements.jsonl,8.0,experiments/results/serving-holdout-v2-telemetry/holdout-c512-o128-k1-seed0-20260804T173726385348Z.dcgm.txt,1,160.24,801.22,6.11,19435.658271991997,24.0
workload_holdout_v2,holdout-c512-o128-k16,holdout-c512-o128-k16,L1,measured,succeeded,0,0,65536.0,16384.0,16,256,8192,true,0.005751103824445131,509.47839122588385,8.06,qwen2.5-7b-h100-workload-transfer-holdout-v2,,2026-08-04T17:38:08.421407+00:00,1,holdout,4136.971,,,,persistent-vllm-sandbox,0.0,,0,0.2525006713867187,0.05050013427734375,bfloat16,1002.51,6.87,6.87,129.81,8120.0126860057935,128,2032.74,1001.83,6.45,6.73,152.59,1030.5,6.84,7.47,206.95,1035.17,15.63,7.49,208.89,1,700.0,bfloat16,false,inf,15.88,holdout_v2,experiments/results/workload-transfer-holdout-v2-measurements.jsonl,128.0,experiments/results/serving-holdout-v2-telemetry/holdout-c512-o128-k16-seed0-20260804T173746854808Z.dcgm.txt,1,2032.74,10163.68,7.47,20703.97376800247,206.95
workload_holdout_v2,holdout-c1024-o128-k8,holdout-c1024-o128-k8,L1,measured,succeeded,0,0,65536.0,8192.0,8,256,8192,true,0.005767955098057832,487.3522046879467,8.09,qwen2.5-7b-h100-workload-transfer-holdout-v2,,2026-08-04T17:38:30.232430+00:00,1,holdout,3992.909,,,,persistent-vllm-sandbox,0.0,,0,0.4874156494140625,0.054157294379340276,bfloat16,1007.95,6.75,6.75,150.17,8193.066455001826,64,1012.91,1002.82,6.4,6.5,171.01,1039.64,6.79,7.45,224.53,1040.22,13.0,7.47,225.8,1,700.0,bfloat16,false,inf,7.91,holdout_v2,experiments/results/workload-transfer-holdout-v2-measurements.jsonl,64.0,experiments/results/serving-holdout-v2-telemetry/holdout-c1024-o128-k8-seed0-20260804T173808584791Z.dcgm.txt,1,1012.91,9116.19,7.45,20764.638353008195,224.53
workload_holdout_v2,holdout-c1024-o128-k32,holdout-c1024-o128-k32,L1,measured,succeeded,0,0,262144.0,32768.0,32,256,8192,true,0.007246834060557982,620.4679670478846,12.41,qwen2.5-7b-h100-workload-transfer-holdout-v2,,2026-08-04T17:38:57.408301+00:00,1,holdout,7741.931,,,,persistent-vllm-sandbox,0.0,,0,0.23626498413085936,0.02625166490342882,bfloat16,1547.01,9.06,9.06,396.42,12477.567596011795,256,2640.1,1539.12,6.89,8.99,443.31,1646.68,8.71,11.55,668.3,1652.93,151.16,11.65,749.54,1,700.0,bfloat16,false,inf,20.63,holdout_v2,experiments/results/workload-transfer-holdout-v2-measurements.jsonl,256.0,experiments/results/serving-holdout-v2-telemetry/holdout-c1024-o128-k32-seed0-20260804T173830393039Z.dcgm.txt,1,2640.1,23760.89,11.55,26088.602618008736,668.3
workload_holdout_v2,holdout-c2048-o128-k1,holdout-c2048-o128-k1,L1,measured,succeeded,0,0,16384.0,1024.0,1,256,8192,true,0.005535767564166841,436.6465001352884,6.72,qwen2.5-7b-h100-workload-transfer-holdout-v2,,2026-08-04T17:39:18.385765+00:00,1,holdout,2986.275,,,,persistent-vllm-sandbox,0.0,,0,2.9162841796875,0.17154612821691176,bfloat16,840.42,6.13,6.13,61.76,6839.113559995894,8,152.28,840.87,6.14,6.13,62.96,843.4,6.27,6.14,65.31,843.5,6.39,6.14,65.32,1,700.0,bfloat16,false,inf,1.19,holdout_v2,experiments/results/workload-transfer-holdout-v2-measurements.jsonl,8.0,experiments/results/serving-holdout-v2-telemetry/holdout-c2048-o128-k1-seed0-20260804T173857577226Z.dcgm.txt,1,152.28,2588.69,6.14,19928.76323100063,65.31
workload_holdout_v2,holdout-c2048-o128-k16,holdout-c2048-o128-k16,L1,measured,succeeded,0,0,262144.0,16384.0,16,256,8192,true,0.0072506777055564775,600.7969951993075,12.48,qwen2.5-7b-h100-workload-transfer-holdout-v2,,2026-08-04T17:39:45.504076+00:00,1,holdout,7537.082,,,,persistent-vllm-sandbox,0.0,,0,0.4600269775390625,0.027060410443474264,bfloat16,1557.29,8.88,8.88,429.22,12545.139306996134,128,1313.33,1555.47,6.94,8.82,448.3,1632.58,7.39,11.63,683.17,1727.69,127.59,11.68,712.16,1,700.0,bfloat16,false,inf,10.26,holdout_v2,experiments/results/workload-transfer-holdout-v2-measurements.jsonl,128.0,experiments/results/serving-holdout-v2-telemetry/holdout-c2048-o128-k16-seed0-20260804T173918540625Z.dcgm.txt,1,1313.33,22326.58,11.63,26102.43974000332,683.17
workload_holdout_v2,holdout-c512-o128-k1,holdout-c512-o128-k1,L1,measured,succeeded,1,1,4096.0,1024.0,1,256,8192,true,0.005390708164167235,428.8257671257258,6.39,qwen2.5-7b-h100-workload-transfer-holdout-v2,,2026-08-04T17:40:05.939876+00:00,1,holdout,2765.874,,,,persistent-vllm-sandbox,0.0,,0,2.701048828125,0.540209765625,bfloat16,798.41,6.11,6.11,22.78,6449.87827699515,8,160.29,798.74,6.11,6.11,23.14,799.81,6.2,6.11,24.09,799.88,6.32,6.11,24.17,1,700.0,bfloat16,false,inf,1.25,holdout_v2,experiments/results/workload-transfer-holdout-v2-measurements.jsonl,8.0,experiments/results/serving-holdout-v2-telemetry/holdout-c512-o128-k1-seed1-20260804T173945670339Z.dcgm.txt,1,160.29,801.45,6.11,19406.549391002045,24.09
workload_holdout_v2,holdout-c512-o128-k16,holdout-c512-o128-k16,L1,measured,succeeded,1,1,65536.0,16384.0,16,256,8192,true,0.0057680394722208605,515.8713466440986,8.09,qwen2.5-7b-h100-workload-transfer-holdout-v2,,2026-08-04T17:40:27.717359+00:00,1,holdout,4205.452,,,,persistent-vllm-sandbox,0.0,,0,0.256680419921875,0.051336083984375,bfloat16,1003.11,6.89,6.89,127.7,8152.133331997902,128,2025.06,996.72,6.45,6.74,138.93,1040.91,7.31,7.47,210.73,1043.35,14.09,7.52,212.69,1,700.0,bfloat16,false,inf,15.82,holdout_v2,experiments/results/workload-transfer-holdout-v2-measurements.jsonl,128.0,experiments/results/serving-holdout-v2-telemetry/holdout-c512-o128-k16-seed1-20260804T174006098080Z.dcgm.txt,1,2025.06,10125.29,7.47,20764.942099995096,210.73
workload_holdout_v2,holdout-c1024-o128-k8,holdout-c1024-o128-k8,L1,measured,succeeded,1,1,65536.0,8192.0,8,256,8192,true,0.0057772136727766744,490.96669873806724,8.22,qwen2.5-7b-h100-workload-transfer-holdout-v2,,2026-08-04T17:40:49.611646+00:00,1,holdout,4066.18,,,,persistent-vllm-sandbox,0.0,,0,0.49635986328125,0.055151095920138886,bfloat16,1022.65,6.6,6.6,183.93,8281.987373993616,64,996.74,1023.84,6.4,6.5,200.98,1043.43,6.68,7.47,236.93,1044.95,12.15,7.49,238.42,1,700.0,bfloat16,false,inf,7.79,holdout_v2,experiments/results/workload-transfer-holdout-v2-measurements.jsonl,64.0,experiments/results/serving-holdout-v2-telemetry/holdout-c1024-o128-k8-seed1-20260804T174027881933Z.dcgm.txt,1,996.74,8970.62,7.47,20797.969221996027,236.93
workload_holdout_v2,holdout-c1024-o128-k32,holdout-c1024-o128-k32,L1,measured,succeeded,1,1,262144.0,32768.0,32,256,8192,true,0.007238089086386026,623.6760841850825,12.43,qwen2.5-7b-h100-workload-transfer-holdout-v2,,2026-08-04T17:41:16.665848+00:00,1,holdout,7789.508,,,,persistent-vllm-sandbox,0.0,,0,0.2377169189453125,0.02641299099392361,bfloat16,1548.39,9.14,9.14,387.82,12489.669232993037,256,2637.22,1542.11,6.89,8.91,397.77,1651.25,10.16,11.52,654.33,1663.01,123.68,11.64,752.21,1,700.0,bfloat16,false,inf,20.6,holdout_v2,experiments/results/workload-transfer-holdout-v2-measurements.jsonl,256.0,experiments/results/serving-holdout-v2-telemetry/holdout-c1024-o128-k32-seed1-20260804T174049770094Z.dcgm.txt,1,2637.22,23734.97,11.52,26057.120710989693,654.33
workload_holdout_v2,holdout-c2048-o128-k1,holdout-c2048-o128-k1,L1,measured,succeeded,1,1,16384.0,1024.0,1,256,8192,true,0.005531837537499895,439.86210554307235,6.73,qwen2.5-7b-h100-workload-transfer-holdout-v2,,2026-08-04T17:41:37.618737+00:00,1,holdout,2988.161,,,,persistent-vllm-sandbox,0.0,,0,2.9181259765625,0.17165446920955882,bfloat16,840.49,6.13,6.13,62.09,6793.404028998339,8,152.27,840.66,6.14,6.13,62.52,843.35,6.26,6.13,64.95,843.59,6.33,6.14,65.18,1,700.0,bfloat16,false,inf,1.19,holdout_v2,experiments/results/workload-transfer-holdout-v2-measurements.jsonl,8.0,experiments/results/serving-holdout-v2-telemetry/holdout-c2048-o128-k1-seed1-20260804T174116825238Z.dcgm.txt,1,152.27,2588.54,6.13,19914.61513499962,64.95
workload_holdout_v2,holdout-c2048-o128-k16,holdout-c2048-o128-k16,L1,measured,succeeded,1,1,262144.0,16384.0,16,256,8192,true,0.007322197943887861,600.5174187847886,12.48,qwen2.5-7b-h100-workload-transfer-holdout-v2,,2026-08-04T17:42:05.020855+00:00,1,holdout,7556.346,,,,persistent-vllm-sandbox,0.0,,0,0.4612027587890625,0.02712957404641544,bfloat16,1556.97,8.9,8.9,426.17,12583.058814998367,128,1312.95,1554.82,6.94,8.77,457.66,1623.96,7.62,11.63,685.25,1641.93,127.78,11.69,716.23,1,700.0,bfloat16,false,inf,10.26,holdout_v2,experiments/results/workload-transfer-holdout-v2-measurements.jsonl,128.0,experiments/results/serving-holdout-v2-telemetry/holdout-c2048-o128-k16-seed1-20260804T174137781372Z.dcgm.txt,1,1312.95,22320.14,11.63,26359.9125979963,685.25
workload_holdout_v2,holdout-c256-o128-k4,holdout-c256-o128-k4,L1,measured,succeeded,1,1,8192.0,4096.0,4,256,8192,true,0.0052374800094468,431.2387584782362,6.63,qwen2.5-7b-h100-workload-transfer-holdout-v2,,2026-08-04T17:42:24.894876+00:00,1,holdout,2885.823,,,,persistent-vllm-sandbox,0.0,,0,0.704546630859375,0.23484887695312498,bfloat16,826.58,6.23,6.23,35.93,6691.937918993062,32,617.34,827.47,6.2,6.22,38.73,834.07,6.37,6.28,46.02,834.17,7.07,6.28,46.34,1,700.0,bfloat16,false,inf,4.82,holdout_v2,experiments/results/workload-transfer-holdout-v2-measurements.jsonl,32.0,experiments/results/serving-holdout-v2-telemetry/holdout-c256-o128-k4-seed1-20260804T174205185332Z.dcgm.txt,1,617.34,1852.01,6.28,18854.92803400848,46.02
workload_holdout_v2,holdout-c256-o128-k32,holdout-c256-o128-k32,L1,measured,succeeded,1,1,65536.0,32768.0,32,256,8192,true,0.005774839463887878,545.5241909441569,8.1,qwen2.5-7b-h100-workload-transfer-holdout-v2,,2026-08-04T17:42:46.694751+00:00,1,holdout,4477.251,,,,persistent-vllm-sandbox,0.0,,0,0.13663485717773438,0.04554495239257813,bfloat16,1003.47,6.84,6.84,135.17,8207.245571000385,256,4047.18,1000.49,6.39,6.8,136.62,1051.25,7.78,7.41,238.96,1057.35,14.19,7.48,241.91,1,700.0,bfloat16,false,inf,31.62,holdout_v2,experiments/results/workload-transfer-holdout-v2-measurements.jsonl,256.0,experiments/results/serving-holdout-v2-telemetry/holdout-c256-o128-k32-seed1-20260804T174225057157Z.dcgm.txt,1,4047.18,12141.53,7.41,20789.422069996363,238.96
workload_holdout_v2,holdout-c1024-o128-k32,holdout-c1024-o128-k32,L1,measured,succeeded,2,2,262144.0,32768.0,32,256,8192,true,0.007285589729168956,620.3178651458439,12.55,qwen2.5-7b-h100-workload-transfer-holdout-v2,,2026-08-04T17:43:13.957189+00:00,1,holdout,7856.006,,,,persistent-vllm-sandbox,0.0,,0,0.23974627685546876,0.026638475206163196,bfloat16,1561.38,9.18,9.18,395.13,12664.484519002144,256,2610.01,1569.71,6.89,9.25,416.12,1653.0,12.05,11.54,675.6,1658.65,147.97,11.64,758.47,1,700.0,bfloat16,false,inf,20.39,holdout_v2,experiments/results/workload-transfer-holdout-v2-measurements.jsonl,256.0,experiments/results/serving-holdout-v2-telemetry/holdout-c1024-o128-k32-seed2-20260804T174246861610Z.dcgm.txt,1,2610.01,23490.13,11.54,26228.123025008244,675.6
workload_holdout_v2,holdout-c2048-o128-k1,holdout-c2048-o128-k1,L1,measured,succeeded,2,2,16384.0,1024.0,1,256,8192,true,0.005512257060278595,443.70008263669394,6.74,qwen2.5-7b-h100-workload-transfer-holdout-v2,,2026-08-04T17:43:34.841545+00:00,1,holdout,3037.46,,,,persistent-vllm-sandbox,0.0,,0,2.96626953125,0.1744864430147059,bfloat16,842.87,6.13,6.13,64.5,6845.750359003432,8,151.84,843.48,6.14,6.13,65.44,845.66,6.26,6.13,67.13,845.76,6.34,6.14,67.4,1,700.0,bfloat16,false,inf,1.19,holdout_v2,experiments/results/workload-transfer-holdout-v2-measurements.jsonl,8.0,experiments/results/serving-holdout-v2-telemetry/holdout-c2048-o128-k1-seed2-20260804T174314133377Z.dcgm.txt,1,151.84,2581.23,6.13,19844.125417002942,67.13
workload_holdout_v2,holdout-c2048-o128-k16,holdout-c2048-o128-k16,L1,measured,succeeded,2,2,262144.0,16384.0,16,256,8192,true,0.007305409425001319,602.1124668246417,12.53,qwen2.5-7b-h100-workload-transfer-holdout-v2,,2026-08-04T17:44:02.195760+00:00,1,holdout,7578.974,,,,persistent-vllm-sandbox,0.0,,0,0.4625838623046875,0.0272108154296875,bfloat16,1563.09,8.88,8.88,435.95,12587.30622199073,128,1307.74,1559.24,6.94,8.52,466.96,1636.89,7.53,11.63,698.02,1724.47,129.8,11.71,731.1,1,700.0,bfloat16,false,inf,10.22,holdout_v2,experiments/results/workload-transfer-holdout-v2-measurements.jsonl,128.0,experiments/results/serving-holdout-v2-telemetry/holdout-c2048-o128-k16-seed2-20260804T174335013647Z.dcgm.txt,1,1307.74,22231.64,11.63,26299.47393000475,698.02
workload_holdout_v2,holdout-c256-o128-k4,holdout-c256-o128-k4,L1,measured,succeeded,2,2,8192.0,4096.0,4,256,8192,true,0.005243882924167135,431.44486592858715,6.63,qwen2.5-7b-h100-workload-transfer-holdout-v2,,2026-08-04T17:44:22.104965+00:00,1,holdout,2888.713,,,,persistent-vllm-sandbox,0.0,,0,0.705252197265625,0.23508406575520835,bfloat16,827.43,6.22,6.22,37.02,6695.439506002003,32,617.37,828.13,6.2,6.21,39.88,830.94,6.36,6.28,43.46,831.58,6.89,6.29,44.17,1,700.0,bfloat16,false,inf,4.82,holdout_v2,experiments/results/workload-transfer-holdout-v2-measurements.jsonl,32.0,experiments/results/serving-holdout-v2-telemetry/holdout-c256-o128-k4-seed2-20260804T174402362176Z.dcgm.txt,1,617.37,1852.1,6.28,18877.978527001687,43.46
workload_holdout_v2,holdout-c256-o128-k32,holdout-c256-o128-k32,L1,measured,succeeded,2,2,65536.0,32768.0,32,256,8192,true,0.005741904524446808,551.5645796120881,8.11,qwen2.5-7b-h100-workload-transfer-holdout-v2,,2026-08-04T17:44:43.801420+00:00,1,holdout,4481.567,,,,persistent-vllm-sandbox,0.0,,0,0.13676657104492188,0.045588857014973956,bfloat16,1006.87,6.81,6.81,141.39,8125.189988000784,256,4041.19,1009.73,6.39,6.71,154.68,1038.5,7.55,7.43,224.5,1040.73,12.81,7.49,227.12,1,700.0,bfloat16,false,inf,31.57,holdout_v2,experiments/results/workload-transfer-holdout-v2-measurements.jsonl,256.0,experiments/results/serving-holdout-v2-telemetry/holdout-c256-o128-k32-seed2-20260804T174422269316Z.dcgm.txt,1,4041.19,12123.56,7.43,20670.85628800851,224.5
workload_holdout_v2,holdout-c512-o128-k1,holdout-c512-o128-k1,L1,measured,succeeded,2,2,4096.0,1024.0,1,256,8192,true,0.005405747254165666,420.48529689723284,6.39,qwen2.5-7b-h100-workload-transfer-holdout-v2,,2026-08-04T17:45:04.308757+00:00,1,holdout,2714.24,,,,persistent-vllm-sandbox,0.0,,0,2.650625,0.530125,bfloat16,798.36,6.11,6.11,22.28,6455.017618995043,8,160.3,798.46,6.11,6.11,22.32,799.37,6.2,6.11,23.51,799.52,6.47,6.11,23.7,1,700.0,bfloat16,false,inf,1.25,holdout_v2,experiments/results/workload-transfer-holdout-v2-measurements.jsonl,8.0,experiments/results/serving-holdout-v2-telemetry/holdout-c512-o128-k1-seed2-20260804T174443987670Z.dcgm.txt,1,160.3,801.52,6.11,19460.690114996396,23.51
workload_holdout_v2,holdout-c512-o128-k16,holdout-c512-o128-k16,L1,measured,succeeded,2,2,65536.0,16384.0,16,256,8192,true,0.005750235184722341,509.796118279792,8.1,qwen2.5-7b-h100-workload-transfer-holdout-v2,,2026-08-04T17:45:26.060105+00:00,1,holdout,4164.117,,,,persistent-vllm-sandbox,0.0,,0,0.25415753173828126,0.05083150634765625,bfloat16,1008.4,6.84,6.84,139.25,8168.2006800110685,128,2022.49,1007.85,6.45,6.59,175.04,1026.38,7.09,7.49,203.7,1027.74,12.66,7.51,206.98,1,700.0,bfloat16,false,inf,15.8,holdout_v2,experiments/results/workload-transfer-holdout-v2-measurements.jsonl,128.0,experiments/results/serving-holdout-v2-telemetry/holdout-c512-o128-k16-seed2-20260804T174504477815Z.dcgm.txt,1,2022.49,10112.44,7.49,20700.846665000427,203.7
workload_holdout_v2,holdout-c1024-o128-k8,holdout-c1024-o128-k8,L1,measured,succeeded,2,2,65536.0,8192.0,8,256,8192,true,0.005794306642779298,484.8401068943837,8.24,qwen2.5-7b-h100-workload-transfer-holdout-v2,,2026-08-04T17:45:47.981898+00:00,1,holdout,4026.597,,,,persistent-vllm-sandbox,0.0,,0,0.4915279541015625,0.054614217122395836,bfloat16,1024.36,6.63,6.63,182.59,8304.999818996293,64,994.41,1031.53,6.4,6.49,213.5,1044.31,6.71,7.46,222.74,1045.41,12.24,7.48,223.39,1,700.0,bfloat16,false,inf,7.77,holdout_v2,experiments/results/workload-transfer-holdout-v2-measurements.jsonl,64.0,experiments/results/serving-holdout-v2-telemetry/holdout-c1024-o128-k8-seed2-20260804T174526237674Z.dcgm.txt,1,994.41,8949.69,7.46,20859.503914005472,222.74
scope_confirmation_v3,confirm-c384-o128-k1,confirm-c384-o128-k1,L1,measured,succeeded,0,0,3072.0,1024.0,1,256,8192,true,0.005423459192780785,416.2186427876268,6.37,qwen2.5-7b-h100-scope-confirmation-v3,,2026-08-04T19:51:04.108780+00:00,1,holdout,2678.974,,,,persistent-vllm-sandbox,0.0,,0,2.616185546875,0.65404638671875,bfloat16,796.03,6.11,6.11,20.33,6436.458448995836,8,160.77,796.02,6.11,6.11,20.33,797.36,6.18,6.11,21.76,797.47,6.23,6.11,21.91,1,700.0,bfloat16,false,inf,1.26,scope_v3,experiments/results/scope-confirmation-v3-measurements.jsonl,8.0,experiments/results/scope-confirmation-v3-telemetry/confirm-c384-o128-k1-seed0-20260804T195043681667Z.dcgm.txt,1,160.77,643.07,6.11,19524.453094010823,21.76
scope_confirmation_v3,confirm-c384-o128-k2,confirm-c384-o128-k2,L1,measured,succeeded,0,0,6144.0,2048.0,2,256,8192,true,0.005212741646112893,424.0320636268363,6.46,qwen2.5-7b-h100-scope-confirmation-v3,,2026-08-04T19:51:23.925916+00:00,1,holdout,2766.378,,,,persistent-vllm-sandbox,0.0,,0,1.3507705078125,0.337692626953125,bfloat16,806.41,6.16,6.16,24.43,6523.983060003957,16,317.1,806.1,6.14,6.16,23.65,811.13,6.26,6.17,31.12,813.07,6.44,6.18,32.77,1,700.0,bfloat16,false,inf,2.48,scope_v3,experiments/results/scope-confirmation-v3-measurements.jsonl,16.0,experiments/results/scope-confirmation-v3-telemetry/confirm-c384-o128-k2-seed0-20260804T195104273385Z.dcgm.txt,1,317.1,1268.38,6.17,18765.869926006417,31.12
scope_confirmation_v3,confirm-c384-o128-k4,confirm-c384-o128-k4,L1,measured,succeeded,0,0,12288.0,4096.0,4,256,8192,true,0.005300560283891779,440.7460298885008,6.7,qwen2.5-7b-h100-scope-confirmation-v3,,2026-08-04T19:51:44.075471+00:00,1,holdout,2985.68,,,,persistent-vllm-sandbox,0.0,,0,0.72892578125,0.1822314453125,bfloat16,835.88,6.24,6.24,43.15,6774.150638986612,32,611.12,834.67,6.21,6.23,46.58,844.77,6.37,6.34,53.33,844.84,6.85,6.34,53.65,1,700.0,bfloat16,false,inf,4.77,scope_v3,experiments/results/scope-confirmation-v3-measurements.jsonl,32.0,experiments/results/scope-confirmation-v3-telemetry/confirm-c384-o128-k4-seed0-20260804T195124108116Z.dcgm.txt,1,611.12,2444.48,6.34,19082.017022010405,53.33
scope_confirmation_v3,confirm-c768-o128-k1,confirm-c768-o128-k1,L1,measured,succeeded,0,0,6144.0,1024.0,1,256,8192,true,0.0054044208880562414,425.5467762180026,6.45,qwen2.5-7b-h100-scope-confirmation-v3,,2026-08-04T19:52:04.578217+00:00,1,holdout,2772.954,,,,persistent-vllm-sandbox,0.0,,0,2.707962890625,0.3868518415178572,bfloat16,806.16,6.11,6.11,30.09,6516.214326999034,8,158.75,806.24,6.11,6.11,29.96,807.49,6.24,6.11,31.4,807.91,6.32,6.11,31.71,1,700.0,bfloat16,false,inf,1.24,scope_v3,experiments/results/scope-confirmation-v3-measurements.jsonl,8.0,experiments/results/scope-confirmation-v3-telemetry/confirm-c768-o128-k1-seed0-20260804T195144238239Z.dcgm.txt,1,158.75,1111.22,6.11,19455.91519700247,31.4
scope_confirmation_v3,confirm-c768-o128-k2,confirm-c768-o128-k2,L1,measured,succeeded,0,0,12288.0,2048.0,2,256,8192,true,0.005255029050555701,436.4589384706817,6.59,qwen2.5-7b-h100-scope-confirmation-v3,,2026-08-04T19:52:24.523526+00:00,1,holdout,2903.88,,,,persistent-vllm-sandbox,0.0,,0,1.41791015625,0.20255859375000002,bfloat16,823.17,6.17,6.17,39.46,6653.271921008127,16,310.79,822.82,6.16,6.17,39.45,826.37,6.29,6.19,43.14,829.89,6.55,6.19,47.08,1,700.0,bfloat16,false,inf,2.43,scope_v3,experiments/results/scope-confirmation-v3-measurements.jsonl,16.0,experiments/results/scope-confirmation-v3-telemetry/confirm-c768-o128-k2-seed0-20260804T195204738693Z.dcgm.txt,1,310.79,2175.53,6.19,18918.104582000524,43.14
scope_confirmation_v3,confirm-c768-o128-k4,confirm-c768-o128-k4,L1,measured,succeeded,0,0,24576.0,4096.0,4,256,8192,true,0.005419442678333629,449.8057951745412,7.02,qwen2.5-7b-h100-scope-confirmation-v3,,2026-08-04T19:52:45.076589+00:00,1,holdout,3204.828,,,,persistent-vllm-sandbox,0.0,,0,0.7824287109375,0.11177553013392857,bfloat16,875.54,6.33,6.33,71.44,7124.914872998488,32,583.35,873.51,6.24,6.31,77.66,889.48,6.43,6.55,97.68,890.26,7.12,6.56,98.47,1,700.0,bfloat16,false,inf,4.56,scope_v3,experiments/results/scope-confirmation-v3-measurements.jsonl,32.0,experiments/results/scope-confirmation-v3-telemetry/confirm-c768-o128-k4-seed0-20260804T195224685457Z.dcgm.txt,1,583.35,4083.42,6.55,19509.993642001064,97.68
scope_confirmation_v3,confirm-c1536-o128-k1,confirm-c1536-o128-k1,L1,measured,succeeded,0,0,12288.0,1024.0,1,256,8192,true,0.0055162361444430034,426.60518139323165,6.62,qwen2.5-7b-h100-scope-confirmation-v3,,2026-08-04T19:53:05.948908+00:00,1,holdout,2868.366,,,,persistent-vllm-sandbox,0.0,,0,2.801138671875,0.21547220552884616,bfloat16,827.23,6.12,6.12,49.38,6723.701738999807,8,154.71,827.8,6.14,6.12,50.25,829.66,6.27,6.13,51.95,829.94,6.43,6.13,52.22,1,700.0,bfloat16,false,inf,1.21,scope_v3,experiments/results/scope-confirmation-v3-measurements.jsonl,8.0,experiments/results/scope-confirmation-v3-telemetry/confirm-c1536-o128-k1-seed0-20260804T195245233236Z.dcgm.txt,1,154.71,2011.22,6.13,19858.450119994814,51.95
scope_confirmation_v3,confirm-c1536-o128-k2,confirm-c1536-o128-k2,L1,measured,succeeded,0,0,24576.0,2048.0,2,256,8192,true,0.005356391331386274,449.17223901647765,6.9,qwen2.5-7b-h100-scope-confirmation-v3,,2026-08-04T19:53:26.252301+00:00,1,holdout,3128.605,,,,persistent-vllm-sandbox,0.0,,0,1.52763916015625,0.11751070462740384,bfloat16,862.24,6.28,6.28,64.14,6965.267948995461,16,296.72,861.65,6.18,6.28,66.54,873.69,6.38,6.4,82.38,877.41,6.55,6.41,90.45,1,700.0,bfloat16,false,inf,2.32,scope_v3,experiments/results/scope-confirmation-v3-measurements.jsonl,16.0,experiments/results/scope-confirmation-v3-telemetry/confirm-c1536-o128-k2-seed0-20260804T195306109064Z.dcgm.txt,1,296.72,3857.37,6.4,19283.008792990586,82.38
scope_confirmation_v3,confirm-c1536-o128-k4,confirm-c1536-o128-k4,L1,measured,succeeded,0,0,49152.0,4096.0,4,256,8192,true,0.00557777080333229,477.7054902906379,7.56,qwen2.5-7b-h100-scope-confirmation-v3,,2026-08-04T19:53:47.398413+00:00,1,holdout,3665.914,,,,persistent-vllm-sandbox,0.0,,0,0.89499853515625,0.06884604116586539,bfloat16,944.63,6.46,6.46,124.64,7674.004328000592,32,541.58,942.39,6.3,6.28,144.72,965.72,6.48,7.01,169.44,966.74,7.02,7.01,170.05,1,700.0,bfloat16,false,inf,4.23,scope_v3,experiments/results/scope-confirmation-v3-measurements.jsonl,32.0,experiments/results/scope-confirmation-v3-telemetry/confirm-c1536-o128-k4-seed0-20260804T195326417090Z.dcgm.txt,1,541.58,7040.57,7.01,20079.974891996244,169.44
scope_confirmation_v3,confirm-c768-o128-k1,confirm-c768-o128-k1,L1,measured,succeeded,1,1,6144.0,1024.0,1,256,8192,true,0.005438365876386039,428.86003827846446,6.45,qwen2.5-7b-h100-scope-confirmation-v3,,2026-08-04T19:54:08.023326+00:00,1,holdout,2796.132,,,,persistent-vllm-sandbox,0.0,,0,2.73059765625,0.39008537946428573,bfloat16,806.13,6.11,6.11,29.94,6519.917339988751,8,158.75,805.89,6.12,6.11,29.73,807.79,6.21,6.11,31.46,807.92,6.3,6.11,31.53,1,700.0,bfloat16,false,inf,1.24,scope_v3,experiments/results/scope-confirmation-v3-measurements.jsonl,8.0,experiments/results/scope-confirmation-v3-telemetry/confirm-c768-o128-k1-seed1-20260804T195347561744Z.dcgm.txt,1,158.75,1111.27,6.11,19578.11715498974,31.46
scope_confirmation_v3,confirm-c768-o128-k2,confirm-c768-o128-k2,L1,measured,succeeded,1,1,12288.0,2048.0,2,256,8192,true,0.005281942761943759,434.7138382488069,6.6,qwen2.5-7b-h100-scope-confirmation-v3,,2026-08-04T19:54:28.078220+00:00,1,holdout,2917.814,,,,persistent-vllm-sandbox,0.0,,0,1.4247138671875,0.20353055245535714,bfloat16,824.8,6.17,6.17,41.15,6712.033856005291,16,310.17,824.16,6.16,6.17,41.08,829.29,6.32,6.19,45.41,832.76,6.48,6.19,50.81,1,700.0,bfloat16,false,inf,2.42,scope_v3,experiments/results/scope-confirmation-v3-measurements.jsonl,16.0,experiments/results/scope-confirmation-v3-telemetry/confirm-c768-o128-k2-seed1-20260804T195408204439Z.dcgm.txt,1,310.17,2171.22,6.19,19014.993942997535,45.41
scope_confirmation_v3,confirm-c768-o128-k4,confirm-c768-o128-k4,L1,measured,succeeded,1,1,24576.0,4096.0,4,256,8192,true,0.005362460353891139,454.75406350923737,6.93,qwen2.5-7b-h100-scope-confirmation-v3,,2026-08-04T19:54:48.427081+00:00,1,holdout,3177.998,,,,persistent-vllm-sandbox,0.0,,0,0.77587841796875,0.11083977399553571,bfloat16,864.93,6.34,6.34,59.43,6988.388351004687,32,591.32,862.07,6.24,6.29,60.87,880.36,6.39,6.51,89.34,881.06,6.94,6.54,90.18,1,700.0,bfloat16,false,inf,4.62,scope_v3,experiments/results/scope-confirmation-v3-measurements.jsonl,32.0,experiments/results/scope-confirmation-v3-telemetry/confirm-c768-o128-k4-seed1-20260804T195428241564Z.dcgm.txt,1,591.32,4139.23,6.51,19304.8572740081,89.34
scope_confirmation_v3,confirm-c1536-o128-k1,confirm-c1536-o128-k1,L1,measured,succeeded,1,1,12288.0,1024.0,1,256,8192,true,0.005492966745833756,429.54984173570256,6.61,qwen2.5-7b-h100-scope-confirmation-v3,,2026-08-04T19:55:09.288053+00:00,1,holdout,2867.227,,,,persistent-vllm-sandbox,0.0,,0,2.8000263671875,0.2153866436298077,bfloat16,826.64,6.12,6.12,49.19,6674.95764499472,8,154.82,827.11,6.13,6.12,49.57,829.13,6.25,6.13,51.65,829.45,6.32,6.13,51.81,1,700.0,bfloat16,false,inf,1.21,scope_v3,experiments/results/scope-confirmation-v3-measurements.jsonl,8.0,experiments/results/scope-confirmation-v3-telemetry/confirm-c1536-o128-k1-seed1-20260804T195448608982Z.dcgm.txt,1,154.82,2012.61,6.13,19774.680285001523,51.65
scope_confirmation_v3,confirm-c1536-o128-k2,confirm-c1536-o128-k2,L1,measured,succeeded,1,1,24576.0,2048.0,2,256,8192,true,0.005373881184443437,450.7942778203976,6.91,qwen2.5-7b-h100-scope-confirmation-v3,,2026-08-04T19:55:29.632644+00:00,1,holdout,3168.584,,,,persistent-vllm-sandbox,0.0,,0,1.54716015625,0.11901231971153846,bfloat16,863.38,6.29,6.29,65.17,7028.891349997139,16,296.32,861.62,6.18,6.28,66.85,879.79,6.36,6.4,87.63,883.78,6.62,6.4,95.91,1,700.0,bfloat16,false,inf,2.31,scope_v3,experiments/results/scope-confirmation-v3-measurements.jsonl,16.0,experiments/results/scope-confirmation-v3-telemetry/confirm-c1536-o128-k2-seed1-20260804T195509450033Z.dcgm.txt,1,296.32,3852.16,6.4,19345.972263996373,87.63
scope_confirmation_v3,confirm-c1536-o128-k4,confirm-c1536-o128-k4,L1,measured,succeeded,1,1,49152.0,4096.0,4,256,8192,true,0.005587097693330887,478.8896245758139,7.54,qwen2.5-7b-h100-scope-confirmation-v3,,2026-08-04T19:55:50.788670+00:00,1,holdout,3660.828,,,,persistent-vllm-sandbox,0.0,,0,0.8937568359375,0.06875052584134615,bfloat16,941.34,6.46,6.46,120.76,7644.408674008446,32,543.47,938.36,6.3,6.28,139.64,966.24,6.52,7.01,169.23,966.77,7.05,7.02,169.87,1,700.0,bfloat16,false,inf,4.25,scope_v3,experiments/results/scope-confirmation-v3-measurements.jsonl,32.0,experiments/results/scope-confirmation-v3-telemetry/confirm-c1536-o128-k4-seed1-20260804T195529816757Z.dcgm.txt,1,543.47,7065.13,7.01,20113.55169599119,169.23
scope_confirmation_v3,confirm-c384-o128-k1,confirm-c384-o128-k1,L1,measured,succeeded,1,1,3072.0,1024.0,1,256,8192,true,0.005388499514168264,428.654940492604,6.37,qwen2.5-7b-h100-scope-confirmation-v3,,2026-08-04T19:56:11.225107+00:00,1,holdout,2776.368,,,,persistent-vllm-sandbox,0.0,,0,2.711296875,0.67782421875,bfloat16,796.3,6.11,6.11,20.45,6476.929897995433,8,160.71,796.42,6.11,6.11,20.48,797.82,6.23,6.11,22.02,798.29,6.34,6.11,22.47,1,700.0,bfloat16,false,inf,1.26,scope_v3,experiments/results/scope-confirmation-v3-measurements.jsonl,8.0,experiments/results/scope-confirmation-v3-telemetry/confirm-c384-o128-k1-seed1-20260804T195550954117Z.dcgm.txt,1,160.71,642.85,6.11,19398.59825100575,22.02
scope_confirmation_v3,confirm-c384-o128-k2,confirm-c384-o128-k2,L1,measured,succeeded,1,1,6144.0,2048.0,2,256,8192,true,0.005226349071664218,427.6727082179014,6.47,qwen2.5-7b-h100-scope-confirmation-v3,,2026-08-04T19:56:31.069197+00:00,1,holdout,2793.846,,,,persistent-vllm-sandbox,0.0,,0,1.3641826171875,0.341045654296875,bfloat16,807.79,6.16,6.16,25.89,6532.673107998562,16,316.56,807.05,6.14,6.16,25.75,812.64,6.3,6.17,32.54,815.31,6.4,6.17,35.09,1,700.0,bfloat16,false,inf,2.47,scope_v3,experiments/results/scope-confirmation-v3-measurements.jsonl,16.0,experiments/results/scope-confirmation-v3-telemetry/confirm-c384-o128-k2-seed1-20260804T195611397086Z.dcgm.txt,1,316.56,1266.23,6.17,18814.856657991186,32.54
scope_confirmation_v3,confirm-c384-o128-k4,confirm-c384-o128-k4,L1,measured,succeeded,1,1,12288.0,4096.0,4,256,8192,true,0.005287167504720855,443.08310923467525,6.7,qwen2.5-7b-h100-scope-confirmation-v3,,2026-08-04T19:56:51.152551+00:00,1,holdout,2996.928,,,,persistent-vllm-sandbox,0.0,,0,0.731671875,0.18291796875,bfloat16,835.32,6.25,6.25,40.99,6763.805565002258,32,611.17,835.18,6.21,6.25,41.36,844.66,6.35,6.31,56.58,845.22,9.04,6.31,57.14,1,700.0,bfloat16,false,inf,4.77,scope_v3,experiments/results/scope-confirmation-v3-measurements.jsonl,32.0,experiments/results/scope-confirmation-v3-telemetry/confirm-c384-o128-k4-seed1-20260804T195631233295Z.dcgm.txt,1,611.17,2444.67,6.31,19033.80301699508,56.58
scope_confirmation_v3,confirm-c1536-o128-k1,confirm-c1536-o128-k1,L1,measured,succeeded,2,2,12288.0,1024.0,1,256,8192,true,0.005508666053057014,434.0165862566749,6.62,qwen2.5-7b-h100-scope-confirmation-v3,,2026-08-04T19:57:12.054937+00:00,1,holdout,2921.978,,,,persistent-vllm-sandbox,0.0,,0,2.853494140625,0.21949954927884616,bfloat16,827.87,6.12,6.12,50.06,6732.410908996826,8,154.59,828.64,6.14,6.12,51.38,830.54,6.24,6.13,51.82,830.94,6.34,6.13,51.86,1,700.0,bfloat16,false,inf,1.21,scope_v3,experiments/results/scope-confirmation-v3-measurements.jsonl,8.0,experiments/results/scope-confirmation-v3-telemetry/confirm-c1536-o128-k1-seed2-20260804T195651325540Z.dcgm.txt,1,154.59,2009.63,6.13,19831.197791005252,51.82
scope_confirmation_v3,confirm-c1536-o128-k2,confirm-c1536-o128-k2,L1,measured,succeeded,2,2,24576.0,2048.0,2,256,8192,true,0.005357126264445671,448.2108045854498,6.92,qwen2.5-7b-h100-scope-confirmation-v3,,2026-08-04T19:57:32.372721+00:00,1,holdout,3111.012,,,,persistent-vllm-sandbox,0.0,,0,1.519048828125,0.11684990985576924,bfloat16,864.44,6.29,6.29,66.2,6940.9571750002215,16,295.83,863.44,6.19,6.28,65.42,874.51,6.33,6.4,90.02,876.96,6.55,6.4,91.95,1,700.0,bfloat16,false,inf,2.31,scope_v3,experiments/results/scope-confirmation-v3-measurements.jsonl,16.0,experiments/results/scope-confirmation-v3-telemetry/confirm-c1536-o128-k2-seed2-20260804T195712226655Z.dcgm.txt,1,295.83,3845.74,6.4,19285.654552004416,90.02
scope_confirmation_v3,confirm-c1536-o128-k4,confirm-c1536-o128-k4,L1,measured,succeeded,2,2,49152.0,4096.0,4,256,8192,true,0.005619014781388816,477.2971018900981,7.63,qwen2.5-7b-h100-scope-confirmation-v3,,2026-08-04T19:57:53.641457+00:00,1,holdout,3677.645,,,,persistent-vllm-sandbox,0.0,,0,0.897862548828125,0.06906634990985577,bfloat16,951.71,6.5,6.5,126.12,7705.148398003075,32,536.56,945.18,6.3,6.34,143.77,982.92,6.56,6.99,186.84,983.68,7.03,7.0,187.7,1,700.0,bfloat16,false,inf,4.19,scope_v3,experiments/results/scope-confirmation-v3-measurements.jsonl,32.0,experiments/results/scope-confirmation-v3-telemetry/confirm-c1536-o128-k4-seed2-20260804T195732541406Z.dcgm.txt,1,536.56,6975.29,6.99,20228.45321299974,186.84
scope_confirmation_v3,confirm-c384-o128-k1,confirm-c384-o128-k1,L1,measured,succeeded,2,2,3072.0,1024.0,1,256,8192,true,0.0054105910949995934,425.90464452485537,6.37,qwen2.5-7b-h100-scope-confirmation-v3,,2026-08-04T19:58:14.180835+00:00,1,holdout,2742.324,,,,persistent-vllm-sandbox,0.0,,0,2.67805078125,0.6695126953125,bfloat16,796.46,6.11,6.11,20.66,6438.821541989455,8,160.68,796.75,6.11,6.11,20.97,797.16,6.34,6.11,21.38,797.19,6.49,6.11,21.38,1,700.0,bfloat16,false,inf,1.26,scope_v3,experiments/results/scope-confirmation-v3-measurements.jsonl,8.0,experiments/results/scope-confirmation-v3-telemetry/confirm-c384-o128-k1-seed2-20260804T195753863889Z.dcgm.txt,1,160.68,642.72,6.11,19478.127941998537,21.38
scope_confirmation_v3,confirm-c384-o128-k2,confirm-c384-o128-k2,L1,measured,succeeded,2,2,6144.0,2048.0,2,256,8192,true,0.005180702162219354,426.89818865157275,6.48,qwen2.5-7b-h100-scope-confirmation-v3,,2026-08-04T19:58:33.841055+00:00,1,holdout,2772.802,,,,persistent-vllm-sandbox,0.0,,0,1.3539072265625,0.338476806640625,bfloat16,808.53,6.16,6.16,26.75,6495.230183005333,16,316.27,807.16,6.15,6.15,26.87,814.61,6.33,6.17,34.79,815.93,6.55,6.17,35.78,1,700.0,bfloat16,false,inf,2.47,scope_v3,experiments/results/scope-confirmation-v3-measurements.jsonl,16.0,experiments/results/scope-confirmation-v3-telemetry/confirm-c384-o128-k2-seed2-20260804T195814349507Z.dcgm.txt,1,316.27,1265.08,6.17,18650.527783989673,34.79
scope_confirmation_v3,confirm-c384-o128-k4,confirm-c384-o128-k4,L1,measured,succeeded,2,2,12288.0,4096.0,4,256,8192,true,0.005279496892774962,445.8777636489125,6.72,qwen2.5-7b-h100-scope-confirmation-v3,,2026-08-04T19:58:53.891739+00:00,1,holdout,3026.462,,,,persistent-vllm-sandbox,0.0,,0,0.73888232421875,0.1847205810546875,bfloat16,837.97,6.25,6.25,44.46,6787.64954599319,32,609.17,837.54,6.21,6.24,47.82,844.77,6.36,6.33,56.19,845.01,7.23,6.34,56.99,1,700.0,bfloat16,false,inf,4.76,scope_v3,experiments/results/scope-confirmation-v3-measurements.jsonl,32.0,experiments/results/scope-confirmation-v3-telemetry/confirm-c384-o128-k4-seed2-20260804T195834024499Z.dcgm.txt,1,609.17,2436.67,6.33,19006.188813989866,56.19
scope_confirmation_v3,confirm-c768-o128-k1,confirm-c768-o128-k1,L1,measured,succeeded,2,2,6144.0,1024.0,1,256,8192,true,0.005409986332225445,423.178976691719,6.45,qwen2.5-7b-h100-scope-confirmation-v3,,2026-08-04T19:59:14.417115+00:00,1,holdout,2758.508,,,,persistent-vllm-sandbox,0.0,,0,2.69385546875,0.38483649553571425,bfloat16,806.43,6.11,6.11,30.24,6518.537431998993,8,158.7,806.87,6.12,6.11,30.62,807.75,6.29,6.12,31.59,807.9,6.45,6.12,31.64,1,700.0,bfloat16,false,inf,1.24,scope_v3,experiments/results/scope-confirmation-v3-measurements.jsonl,8.0,experiments/results/scope-confirmation-v3-telemetry/confirm-c768-o128-k1-seed2-20260804T195854061353Z.dcgm.txt,1,158.7,1110.89,6.12,19475.950796011603,31.59
scope_confirmation_v3,confirm-c768-o128-k2,confirm-c768-o128-k2,L1,measured,succeeded,2,2,12288.0,2048.0,2,256,8192,true,0.005223446990558943,436.1762975038915,6.6,qwen2.5-7b-h100-scope-confirmation-v3,,2026-08-04T19:59:34.246066+00:00,1,holdout,2905.71,,,,persistent-vllm-sandbox,0.0,,0,1.4188037109375,0.20268624441964286,bfloat16,824.11,6.17,6.17,40.39,6661.778773006517,16,310.45,823.36,6.16,6.17,39.88,830.17,6.33,6.19,45.3,833.53,6.56,6.19,50.5,1,700.0,bfloat16,false,inf,2.43,scope_v3,experiments/results/scope-confirmation-v3-measurements.jsonl,16.0,experiments/results/scope-confirmation-v3-telemetry/confirm-c768-o128-k2-seed2-20260804T195914585005Z.dcgm.txt,1,310.45,2173.12,6.19,18804.409166012192,45.3
scope_confirmation_v3,confirm-c768-o128-k4,confirm-c768-o128-k4,L1,measured,succeeded,2,2,24576.0,4096.0,4,256,8192,true,0.005375084991388172,453.5325275619919,7.01,qwen2.5-7b-h100-scope-confirmation-v3,,2026-08-04T19:59:54.638159+00:00,1,holdout,3209.29,,,,persistent-vllm-sandbox,0.0,,0,0.78351806640625,0.11193115234374999,bfloat16,873.9,6.33,6.33,69.55,7076.206897996599,32,584.35,874.92,6.24,6.3,77.48,883.96,6.39,6.55,85.72,884.19,7.17,6.55,86.14,1,700.0,bfloat16,false,inf,4.57,scope_v3,experiments/results/scope-confirmation-v3-measurements.jsonl,32.0,experiments/results/scope-confirmation-v3-telemetry/confirm-c768-o128-k4-seed2-20260804T195934413135Z.dcgm.txt,1,584.35,4090.44,6.55,19350.305968997418,85.72
winner_confirmation_v1,expert-seq256-bt8192-chunk,,L4,verified,succeeded,0,100,524288.0,32768.0,32,256,8192,true,0.009551631253335573,640.1259286073614,18.97,qwen2.5-7b-h100-winner-confirmation-v1,expert-baseline,2026-08-05T22:05:12.747285+00:00,1,configuration-confirmation,12158.391,371.0446472167969,371.0446472167969,21.82615571863511,persistent-vllm-sandbox,0.0,,0,0.37104464721679686,0.02182615571863511,bfloat16,2364.44,12.34,12.34,796.8,18993.74866200378,256,1727.44,2345.88,7.48,12.11,849.04,2590.62,10.31,17.26,1338.54,2603.81,178.92,17.31,1546.66,1,700.0,bfloat16,false,inf,13.5,winner_confirmation,experiments/results/winner-confirmation-v1-measurements.jsonl,256.0,experiments/results/winner-confirmation-v1-telemetry/expert-seq256-bt8192-chunk-seed100-20260805T220437453743Z.dcgm.txt,1,1727.44,29366.4,17.26,34385.87251200806,1338.54
winner_confirmation_v1,seq32-bt2048-chunk,,L4,verified,succeeded,0,100,524288.0,32768.0,32,32,2048,true,0.009455563865275407,654.1560738754739,18.37,qwen2.5-7b-h100-winner-confirmation-v1,candidate,2026-08-05T22:06:51.078486+00:00,1,configuration-confirmation,12034.493,367.2635803222656,367.2635803222656,21.603740018956803,persistent-vllm-sandbox,0.0,,0,0.36726358032226564,0.0216037400189568,bfloat16,2281.44,15.06,15.06,368.69,18396.975096024107,256,1783.36,2259.34,7.5,15.37,293.98,3008.8,48.28,16.78,1083.42,3500.06,52.49,17.03,1559.95,1,700.0,bfloat16,false,inf,13.93,winner_confirmation,experiments/results/winner-confirmation-v1-measurements.jsonl,256.0,experiments/results/winner-confirmation-v1-telemetry/seq32-bt2048-chunk-seed100-20260805T220616196439Z.dcgm.txt,1,1783.36,30317.19,16.78,34040.029914991464,1083.42
winner_confirmation_v1,seq32-bt2048-chunk,,L4,verified,succeeded,1,101,524288.0,32768.0,32,32,2048,true,0.00950973502666683,651.9057103045919,18.32,qwen2.5-7b-h100-winner-confirmation-v1,candidate,2026-08-05T22:08:29.636729+00:00,1,configuration-confirmation,12010.448,366.52978515625,366.52978515625,21.56057559742647,persistent-vllm-sandbox,0.0,,0,0.36652978515625,0.02156057559742647,bfloat16,2275.19,14.93,14.93,379.41,18423.596864013234,256,1789.02,2259.07,7.49,15.22,330.13,2991.43,48.03,16.47,980.0,3487.4,51.87,17.03,1472.86,1,700.0,bfloat16,false,inf,13.98,winner_confirmation,experiments/results/winner-confirmation-v1-measurements.jsonl,256.0,experiments/results/winner-confirmation-v1-telemetry/seq32-bt2048-chunk-seed101-20260805T220754537699Z.dcgm.txt,1,1789.02,30413.39,16.47,34235.04609600059,980.0
winner_confirmation_v1,expert-seq256-bt8192-chunk,,L4,verified,succeeded,1,101,524288.0,32768.0,32,256,8192,true,0.009684180294999453,639.450498461626,18.98,qwen2.5-7b-h100-winner-confirmation-v1,expert-baseline,2026-08-05T22:10:13.950644+00:00,1,configuration-confirmation,12209.504,372.6044921875,372.6044921875,21.917911305147058,persistent-vllm-sandbox,0.0,,0,0.3726044921875,0.02191791130514706,bfloat16,2362.4,13.11,13.11,697.79,19093.74381499947,256,1726.38,2339.82,7.48,12.93,687.12,2564.24,14.33,17.21,1317.37,2577.82,179.56,17.53,1524.52,1,700.0,bfloat16,false,inf,13.49,winner_confirmation,experiments/results/winner-confirmation-v1-measurements.jsonl,256.0,experiments/results/winner-confirmation-v1-telemetry/expert-seq256-bt8192-chunk-seed101-20260805T220938220751Z.dcgm.txt,1,1726.38,29348.43,17.21,34863.04906199803,1317.37
winner_confirmation_v1,expert-seq256-bt8192-chunk,,L4,verified,succeeded,2,102,524288.0,32768.0,32,256,8192,true,0.009645684216666268,634.673908828273,19.22,qwen2.5-7b-h100-winner-confirmation-v1,expert-baseline,2026-08-05T22:11:58.239276+00:00,1,configuration-confirmation,12232.313,373.3005676269531,373.3005676269531,21.958856919232538,persistent-vllm-sandbox,0.0,,0,0.37330056762695313,0.021958856919232536,bfloat16,2367.14,12.41,12.41,791.12,19273.38248799788,256,1705.04,2345.93,7.48,12.09,837.65,2571.53,12.4,17.3,1340.92,2582.29,179.69,17.6,1527.62,1,700.0,bfloat16,false,inf,13.32,winner_confirmation,experiments/results/winner-confirmation-v1-measurements.jsonl,256.0,experiments/results/winner-confirmation-v1-telemetry/expert-seq256-bt8192-chunk-seed102-20260805T221122631619Z.dcgm.txt,1,1705.04,28985.74,17.3,34724.463179998565,1340.92
winner_confirmation_v1,seq32-bt2048-chunk,,L4,verified,succeeded,2,102,524288.0,32768.0,32,32,2048,true,0.00953057808778087,652.9439487450101,18.36,qwen2.5-7b-h100-winner-confirmation-v1,candidate,2026-08-05T22:13:36.894552+00:00,1,configuration-confirmation,12063.853,368.1595764160156,368.1595764160156,21.65644567153033,persistent-vllm-sandbox,0.0,,0,0.3681595764160156,0.021656445671530328,bfloat16,2280.34,14.94,14.94,383.52,18476.092814991716,256,1784.55,2256.17,7.5,15.21,326.56,2823.68,47.96,16.77,999.65,3304.51,52.31,17.01,1483.71,1,700.0,bfloat16,false,inf,13.94,winner_confirmation,experiments/results/winner-confirmation-v1-measurements.jsonl,256.0,experiments/results/winner-confirmation-v1-telemetry/seq32-bt2048-chunk-seed102-20260805T221301700836Z.dcgm.txt,1,1784.55,30337.39,16.77,34310.08111601113,999.65
winner_confirmation_v1,seq32-bt2048-chunk,,L4,verified,succeeded,3,103,524288.0,32768.0,32,32,2048,true,0.00949669958444752,651.6676343297324,18.38,qwen2.5-7b-h100-winner-confirmation-v1,candidate,2026-08-05T22:15:15.429299+00:00,1,configuration-confirmation,11994.012,366.0281982421875,366.0281982421875,21.531070484834558,persistent-vllm-sandbox,0.0,,0,0.3660281982421875,0.02153107048483456,bfloat16,2282.43,15.11,15.11,363.79,18405.106174002867,256,1782.76,2253.66,7.5,15.49,287.86,3046.67,48.21,16.76,1070.18,3537.12,51.72,17.04,1553.12,1,700.0,bfloat16,false,inf,13.93,winner_confirmation,experiments/results/winner-confirmation-v1-measurements.jsonl,256.0,experiments/results/winner-confirmation-v1-telemetry/seq32-bt2048-chunk-seed103-20260805T221440384768Z.dcgm.txt,1,1782.76,30306.96,16.76,34188.11850401107,1070.18
winner_confirmation_v1,expert-seq256-bt8192-chunk,,L4,verified,succeeded,3,103,524288.0,32768.0,32,256,8192,true,0.009598088092227246,642.1000698641035,18.88,qwen2.5-7b-h100-winner-confirmation-v1,expert-baseline,2026-08-05T22:16:59.433713+00:00,1,configuration-confirmation,12194.714,372.15313720703125,372.15313720703125,21.891361012178308,persistent-vllm-sandbox,0.0,,0,0.37215313720703125,0.02189136101217831,bfloat16,2353.4,12.61,12.61,751.78,18991.921309992904,256,1735.73,2324.45,7.49,12.45,788.57,2611.54,13.08,17.35,1348.33,2646.45,177.56,17.62,1566.78,1,700.0,bfloat16,false,inf,13.56,winner_confirmation,experiments/results/winner-confirmation-v1-measurements.jsonl,256.0,experiments/results/winner-confirmation-v1-telemetry/expert-seq256-bt8192-chunk-seed103-20260805T221623985062Z.dcgm.txt,1,1735.73,29507.49,17.35,34553.11713201809,1348.33
winner_confirmation_v1,expert-seq256-bt8192-chunk,,L4,verified,succeeded,4,104,524288.0,32768.0,32,256,8192,true,0.009648788503335608,642.1927010713911,18.93,qwen2.5-7b-h100-winner-confirmation-v1,expert-baseline,2026-08-05T22:18:43.653269+00:00,1,configuration-confirmation,12196.551,372.2091979980469,372.2091979980469,21.894658705767462,persistent-vllm-sandbox,0.0,,0,0.37220919799804686,0.021894658705767463,bfloat16,2359.3,12.4,12.4,784.98,18992.0423879812,256,1731.09,2354.99,7.48,12.31,832.02,2566.87,10.28,17.29,1345.46,2580.55,181.16,17.53,1528.0,1,700.0,bfloat16,false,inf,13.52,winner_confirmation,experiments/results/winner-confirmation-v1-measurements.jsonl,256.0,experiments/results/winner-confirmation-v1-telemetry/expert-seq256-bt8192-chunk-seed104-20260805T221808056722Z.dcgm.txt,1,1731.09,29428.49,17.29,34735.63861200819,1345.46
winner_confirmation_v1,seq32-bt2048-chunk,,L4,verified,succeeded,4,104,524288.0,32768.0,32,32,2048,true,0.009477651415557679,651.6316267199066,18.37,qwen2.5-7b-h100-winner-confirmation-v1,candidate,2026-08-05T22:20:22.202814+00:00,1,configuration-confirmation,12041.326,367.47210693359375,367.47210693359375,21.6160062902114,persistent-vllm-sandbox,0.0,,0,0.3674721069335937,0.021616006290211397,bfloat16,2281.3,15.11,15.11,362.34,18478.731704002712,256,1783.71,2256.42,7.51,15.29,316.48,2983.38,48.25,16.78,1057.11,3473.04,52.11,17.05,1531.02,1,700.0,bfloat16,false,inf,13.94,winner_confirmation,experiments/results/winner-confirmation-v1-measurements.jsonl,256.0,experiments/results/winner-confirmation-v1-telemetry/seq32-bt2048-chunk-seed104-20260805T221947213226Z.dcgm.txt,1,1783.71,30323.1,16.78,34119.54509600764,1057.11
